-- phpMyAdmin SQL Dump
-- version 5.2.1
-- https://www.phpmyadmin.net/
--
-- Host: 127.0.0.1
-- Generation Time: Jul 11, 2023 at 04:57 AM
-- Server version: 10.4.28-MariaDB
-- PHP Version: 8.2.4

SET SQL_MODE = "NO_AUTO_VALUE_ON_ZERO";
START TRANSACTION;
SET time_zone = "+00:00";


/*!40101 SET @OLD_CHARACTER_SET_CLIENT=@@CHARACTER_SET_CLIENT */;
/*!40101 SET @OLD_CHARACTER_SET_RESULTS=@@CHARACTER_SET_RESULTS */;
/*!40101 SET @OLD_COLLATION_CONNECTION=@@COLLATION_CONNECTION */;
/*!40101 SET NAMES utf8mb4 */;

--
-- Database: `lunchbox`
--

-- --------------------------------------------------------

--
-- Table structure for table `address`
--

CREATE TABLE `address` (
  `pid` varchar(15) NOT NULL,
  `area` varchar(30) NOT NULL,
  `appartment` varchar(25) NOT NULL,
  `doorno` varchar(30) NOT NULL,
  `pincode` varchar(6) NOT NULL
) ENGINE=InnoDB DEFAULT CHARSET=utf8mb4 COLLATE=utf8mb4_general_ci;

--
-- Dumping data for table `address`
--

INSERT INTO `address` (`pid`, `area`, `appartment`, `doorno`, `pincode`) VALUES
('1234567890', 'peddhamiram', 'Shiva Bhavani', 'Silver springs vills 22', '534201'),
('7075379506', 'Chinna Amiram', 'Shiva Bhavani', 'vishnu manaswini enclave 409 4', '534204'),
('7093525985', 'balusumudi', 'Shiva Bhavani', 'Annapurna Nilayam 1floor  ( ne', '534204'),
('7777777777', 'Sivaraopeta', 'Shiva Bhavani', 'patha current office road 2nd ', '534204'),
('7989264811', 'Balusumudi', 'Shiva Bhavani', 'Venkateswara Towers E2( new ra', '534204'),
('8008833997', 'Gunupudi', 'Shiva Bhavani', 'Mavullama puri gudi backside h', '534201'),
('8096402224', 'ASR Nagar', 'Shiva Bhavani', 'sita towers 407 4th floor adda', '534202'),
('8297999699', 'peddhamiram', 'Shiva Bhavani', 'Psr green city 3rd left  side ', '534201'),
('8328621506', 'ASR Nagar', 'Shiva Bhavani', 'vishnu towers 5th floor 405 op', '534202'),
('8374665666', 'Rayalam', 'Shiva Bhavani', 'ramakrishna Residency 302 4th ', '534204'),
('8754448634', 'Balusumudi', 'Shiva Bhavani', 'siri Icon 403 4floor vempa raj', '534204'),
('8886088449', 'ASR Nagar', 'Shiva Bhavani', 'lotus residency c 401 5th floo', '534202'),
('8886222232', 'Sivaraopeta', 'Shiva Bhavani', 'maharshi towers F4 1st floor 1', '534204'),
('8888888888', 'ASR Nagar', 'Shiva Bhavani', 'vijay lakshmi towers 1st floor', '534202'),
('8978411400', 'Gunupudi', 'Shiva Bhavani', 'Municipal office opposite Buil', '534201'),
('8985321414', 'Chinna Amiram', 'Shiva Bhavani', 'VishnuPriya Towers 202 2floor ', '534204'),
('9000188551', 'Gunupudi', 'Shiva Bhavani', 'Bethany Peta  misson hospital ', '534201'),
('9052727402', 'Srkr College Road', 'Vinayal Classic Top', '1-149 third block', '534248'),
('9059114499', 'Balasumudi', 'Shiva Bhavani', '32 Dental Care road Green Hous', '534204'),
('9100634444', 'Rayalam', 'Shiva Bhavani', 'Sampath Paradise 302 3rd floor', '534204'),
('9177155456', 'Chinnamiram', 'Shiva Bhavani', 'vinay classic 3 rd floor 307 S', '534204'),
('9177534111', 'sriram puram', 'Shiva Bhavani', 'kokas enclave     watch man pi', '534201'),
('9391887888', 'Gunupudi', 'Shiva Bhavani', 'SK bookstall shop building 2nd', '534201'),
('9393234119', 'ASR Nagar', 'Shiva Bhavani', 'shreya towers 3rd floor 302 AS', '534202'),
('9394499989', 'ASR Nagar', 'Shiva Bhavani', 'lotus orient apartment opposit', '534202'),
('9397676677', 'ASR Nagar', 'Shiva Bhavani', 'lotus residency A 103  1st flo', '534202'),
('9440622003', 'Gunupudi', 'Shiva Bhavani', 'SBI main branch beside house ', '534201'),
('9441116444', 'Pedamiram', 'Shiva Bhavani', 'Psr green city 5th  right side', '534201'),
('9441235555', 'ASR Nagar', 'Shiva Bhavani', 'Slv Gangotri towers 404   4th ', '534202'),
('9493475111', 'ASR Nagar', 'Shiva Bhavani', 'vivekanda homes 402 4th floor ', '534202'),
('9493855599', 'ASR Nagar', 'Shiva Bhavani', 'lotus residency C 202 3th floo', '534202'),
('9494266789', 'rayalam bypass', 'Shiva Bhavani', 'Sri Krishna Nilayam (Ramprasad', '534204'),
('9494435744', 'peddhamiram', 'Shiva Bhavani', 'Psr green city 3rd left  side ', '534201'),
('9494492599', 'Gunupudi', 'Shiva Bhavani', 'SBI main branch backside', '534201'),
('9494923625', 'Chinna Amiram', 'Shiva Bhavani', 'Municipal office backside', '534204'),
('9505022222', 'youth club road', 'Shiva Bhavani', 'sai rama towers D block 504 5 ', '534204'),
('9505421188', 'ASR Nagar', 'Shiva Bhavani', 'Asr statue back side house', '534202'),
('9515851883', 'Rayalam', 'Shiva Bhavani', 'Alpha Towers A Block 208  (Ray', '534204'),
('9542672234', 'ASR Nagar', 'Shiva Bhavani', 'Elite towers opposite road 2nd', '534202'),
('9553444457', 'Chinna Amiram', 'Shiva Bhavani', 'MS Narasimha Raju Building 3rd', '534204'),
('9554522222', 'Sivaraopeta', 'Shiva Bhavani', ' ramalayam temple opp road kal', '534204'),
('9573407666', 'Rayalam', 'Shiva Bhavani', 'Alpha Towers A Block 204 (Raya', '534204'),
('9577595776', 'ASR Nagar', 'Shiva Bhavani', 'lotus residency C 403 5th floo', '534202'),
('9603933338', 'ASR Nagar', 'Shiva Bhavani', 'RR heights 402 4floor water ta', '534202'),
('9618110459', 'ASR Nagar', 'Shiva Bhavani', 'vivekanda homes 102 1 th floor', '534202'),
('9642803277', 'Balasumudi', 'Shiva Bhavani', 'Sri Lakshmi Nilayam (Hansi)', '534204'),
('9652753739', 'Gunupudi', 'Shiva Bhavani', 'SK bookstall opposite (mavvula', '534201'),
('9652822235', 'Gunupudi', 'Shiva Bhavani', 'Masjid opposite', '534201'),
('9701314877', 'Rayalam', 'Shiva Bhavani', 'Alpha Towers B Block 403 (Raya', '534204'),
('9704186789', 'ASR Nagar', 'Shiva Bhavani', 'lotus residency C G4 1st floor', '534202'),
('9704534455', 'DNR road', 'Shiva Bhavani', 'Seetha Mansion 302', '534202'),
('9739476669', 'youth club road', 'Shiva Bhavani', 'Iris grand 2nd floor 211  (sai', '534204'),
('9849944199', 'rayalam', 'Shiva Bhavani', 'Rayalam deff and dum school ca', '534204'),
('9866136008', 'ASR Nagar', 'Shiva Bhavani', 'satya homes 5th floor (D1) (Ay', '534202'),
('9866412348', 'Vamsi krishna nagar', 'Shiva Bhavani', 'Vamsi krishna nagar 4th left k', '534202'),
('9885394144', 'Balasumudi', 'Shiva Bhavani', 'Chettu Kinda Sai baba', '534204'),
('9885670571', 'Gandhi nagar', 'Shiva Bhavani', 'DTDC opposite black house   SB', '534201'),
('9908034500', 'Balasumudi', 'Shiva Bhavani', 'Chicken shop opposite road', '534204'),
('9908144655', 'ASR Nagar', 'Shiva Bhavani', 'punnami towers 3rd floor 301  ', '534202'),
('9908954783', 'ASR Nagar', 'Shiva Bhavani', 'MSR towers 305 4th floor addav', '534202'),
('9948522226', 'ASR Nagar', 'Shiva Bhavani', 'Hanuma Residency 201 3rd floor', '534202'),
('9948817092', 'Chinna Amiram', 'Shiva Bhavani', 'Baroda bank tygaraju bhavan  (', '534204'),
('9949414757', 'rayalam bypass', 'Shiva Bhavani', 'Mahesh Garu (Ramprasad Avenue)', '534204'),
('9949432244', 'ASR Nagar', 'Shiva Bhavani', 'Gopi krishna towers 101 1floor', '534202'),
('9949700007', 'jp road', 'Shiva Bhavani', 'Blossom cell shop (ganesh cant', '534204'),
('9949834977', 'Rayalam', 'Shiva Bhavani', 'Surya Teja Towers (Rayalam byp', '534204'),
('9949899498', 'Gunupudi', 'Shiva Bhavani', 'Simhadripuram Gudi', '534201'),
('9949941133', 'Chinna Amiram', 'Shiva Bhavani', 'VR Towers 1floor 103 vempadu r', '534204'),
('9959611117', 'ASR Nagar', 'Shiva Bhavani', 'Krishna residency 5th floor (4', '534202'),
('9963609788', 'Chinna Amiram', 'Shiva Bhavani', 'Bhimavaram Hospital road', '534204'),
('9966028333', 'Chinna Amiram', 'Shiva Bhavani', 'jaya Sri Towers 5th Floor 412', '534204'),
('9966066668', 'ASR Nagar', 'Shiva Bhavani', 'Canara Bank Backside (Manjusa)', '534202'),
('9985921927', 'Gunupudi', 'Shiva Bhavani', ' Simhadripuram Gudi  road besi', '534201'),
('9989804141', 'ASR Nagar', 'Shiva Bhavani', 'vivekanda homes 302  3th floor', '534202'),
('9989994199', 'ASR Nagar', 'Shiva Bhavani', 'Prince towers 202 2nd floor ad', '534202'),
('pid', 'area', 'appartment', 'doorno', 'pincod');

-- --------------------------------------------------------

--
-- Table structure for table `delivary`
--

CREATE TABLE `delivary` (
  `pid` varchar(15) NOT NULL,
  `date` date NOT NULL,
  `status` int(11) NOT NULL DEFAULT 0,
  `tripid` int(11) NOT NULL,
  `stdid` int(11) NOT NULL
) ENGINE=InnoDB DEFAULT CHARSET=utf8mb4 COLLATE=utf8mb4_general_ci;

--
-- Dumping data for table `delivary`
--

INSERT INTO `delivary` (`pid`, `date`, `status`, `tripid`, `stdid`) VALUES
('9052727402', '2023-07-10', 1, 1, 1),
('9052727402', '2023-07-11', 0, 2, 3);

-- --------------------------------------------------------

--
-- Table structure for table `parent`
--

CREATE TABLE `parent` (
  `pid` varchar(15) NOT NULL,
  `pass` varchar(10) NOT NULL,
  `pname` varchar(50) NOT NULL,
  `email` varchar(50) DEFAULT NULL,
  `altphone` varchar(15) DEFAULT NULL,
  `address` varchar(50) DEFAULT NULL
) ENGINE=InnoDB DEFAULT CHARSET=utf8mb4 COLLATE=utf8mb4_general_ci;

--
-- Dumping data for table `parent`
--

INSERT INTO `parent` (`pid`, `pass`, `pname`, `email`, `altphone`, `address`) VALUES
('1234567890', '123', 'Shiva Bhavani', 'ravikumar_csd@srkrec.edu.in', '9866892957', 'https://goo.gl/maps/bZ77BEWATXWpgPQN9'),
('7075379506', '123', 'ACHANTA SREE GREESHMA', 'ravikumar_csd@srkrec.edu.in', 'ST1001', 'https://goo.gl/maps/bZ77BEWATXWpgPQN9'),
('7093525985', '123', 'BAIRISETTI SAI GANGADHAR', 'ravikumar_csd@srkrec.edu.in', 'ST1002', 'https://goo.gl/maps/bZ77BEWATXWpgPQN9'),
('7777777777', '123', 'BHOKASKEDE BHAGAVATH', 'ravikumar_csd@srkrec.edu.in', 'ST1003', 'https://goo.gl/maps/bZ77BEWATXWpgPQN9'),
('7989264811', '123', 'BODAPATI YASWANTH RAJ KUMAR', 'ravikumar_csd@srkrec.edu.in', 'ST1004', 'https://goo.gl/maps/bZ77BEWATXWpgPQN9'),
('8008833997', '123', 'DANGETI VIVEK HARI BHASKAR PAPARAO', 'ravikumar_csd@srkrec.edu.in', 'ST1005', 'https://goo.gl/maps/bZ77BEWATXWpgPQN9'),
('8096402224', '123', 'GOLVE YASWANTH SAI', 'ravikumar_csd@srkrec.edu.in', 'ST1006', 'https://goo.gl/maps/bZ77BEWATXWpgPQN9'),
('8297999699', '123', 'GUDAPATI YAKSHINE ANANNYA', 'ravikumar_csd@srkrec.edu.in', 'ST1007', 'https://goo.gl/maps/bZ77BEWATXWpgPQN9'),
('8328621506', '123', 'GUNTURU UDAY KIRAN', 'ravikumar_csd@srkrec.edu.in', 'ST1008', 'https://goo.gl/maps/bZ77BEWATXWpgPQN9'),
('8374665666', '123', 'JAVVADI BHARGAVI', 'ravikumar_csd@srkrec.edu.in', 'ST1009', 'https://goo.gl/maps/bZ77BEWATXWpgPQN9'),
('8754448634', '123', 'KATARI SAI GANESH', 'ravikumar_csd@srkrec.edu.in', 'ST1010', 'https://goo.gl/maps/bZ77BEWATXWpgPQN9'),
('8886088449', '123', 'KEDHARISETTI SURYANARAYANA', 'ravikumar_csd@srkrec.edu.in', 'ST1011', 'https://goo.gl/maps/bZ77BEWATXWpgPQN9'),
('8886222232', '123', 'KONAKALA VASANTHI', 'ravikumar_csd@srkrec.edu.in', 'ST1012', 'https://goo.gl/maps/bZ77BEWATXWpgPQN9'),
('8888888888', '123', 'KOYYE SASANK', 'ravikumar_csd@srkrec.edu.in', 'ST1013', 'https://goo.gl/maps/bZ77BEWATXWpgPQN9'),
('8978411400', '123', 'KUNCHANAPALLI HARSHA VARDHAN', 'ravikumar_csd@srkrec.edu.in', 'ST1014', 'https://goo.gl/maps/bZ77BEWATXWpgPQN9'),
('8985321414', '123', 'MALLIPUDI RAJESH', 'ravikumar_csd@srkrec.edu.in', 'ST1015', 'https://goo.gl/maps/bZ77BEWATXWpgPQN9'),
('9000188551', '123', 'MANEPALLI KALKI NAGA DURGA SAI', 'ravikumar_csd@srkrec.edu.in', 'ST1016', 'https://goo.gl/maps/bZ77BEWATXWpgPQN9'),
('9052727402', '123', 'Shiva Bhavani', 'ravikumar_csd@srkrec.edu.in', '9866892957', 'https://goo.gl/maps/bZ77BEWATXWpgPQN9'),
('9059114499', '123', 'MANKENA VENKATA NAGA SEETHARAM', 'ravikumar_csd@srkrec.edu.in', 'ST1017', 'https://goo.gl/maps/bZ77BEWATXWpgPQN9'),
('9100634444', '123', 'MARISETTI BHANU TEJASWINI', 'ravikumar_csd@srkrec.edu.in', 'ST1018', 'https://goo.gl/maps/bZ77BEWATXWpgPQN9'),
('9177155456', '123', 'MUNSHI ABDUL RAHEEM', 'ravikumar_csd@srkrec.edu.in', 'ST1019', 'https://goo.gl/maps/bZ77BEWATXWpgPQN9'),
('9177534111', '123', 'NETALA SRUJANA SRI', 'ravikumar_csd@srkrec.edu.in', 'ST1020', 'https://goo.gl/maps/bZ77BEWATXWpgPQN9'),
('9391887888', '123', 'PADAVALA YOGITHA', 'ravikumar_csd@srkrec.edu.in', 'ST1021', 'https://goo.gl/maps/bZ77BEWATXWpgPQN9'),
('9393234119', '123', 'PAGOLLU GRACY', 'ravikumar_csd@srkrec.edu.in', 'ST1022', 'https://goo.gl/maps/bZ77BEWATXWpgPQN9'),
('9394499989', '123', 'PERE SRI VENKATA SIVA GANESH', 'ravikumar_csd@srkrec.edu.in', 'ST1023', 'https://goo.gl/maps/bZ77BEWATXWpgPQN9'),
('9397676677', '123', 'PUDI CHAITANYA SRUJANA', 'ravikumar_csd@srkrec.edu.in', 'ST1024', 'https://goo.gl/maps/bZ77BEWATXWpgPQN9'),
('9440622003', '123', 'RAVURI UMA SUBHASHINI', 'ravikumar_csd@srkrec.edu.in', 'ST1025', 'https://goo.gl/maps/bZ77BEWATXWpgPQN9'),
('9441116444', '123', 'REDDI MADHAVI', 'ravikumar_csd@srkrec.edu.in', 'ST1026', 'https://goo.gl/maps/bZ77BEWATXWpgPQN9'),
('9441235555', '123', 'REDDI SAHITHI PALLAVI', 'ravikumar_csd@srkrec.edu.in', 'ST1027', 'https://goo.gl/maps/bZ77BEWATXWpgPQN9'),
('9493475111', '123', 'SADHANALA MANASANTHI', 'ravikumar_csd@srkrec.edu.in', 'ST1028', 'https://goo.gl/maps/bZ77BEWATXWpgPQN9'),
('9493855599', '123', 'SHAIK ABDUL AZIZ', 'ravikumar_csd@srkrec.edu.in', 'ST1029', 'https://goo.gl/maps/bZ77BEWATXWpgPQN9'),
('9494266789', '123', 'THATTUKOLLA SIVA KEERTHI', 'ravikumar_csd@srkrec.edu.in', 'ST1030', 'https://goo.gl/maps/bZ77BEWATXWpgPQN9'),
('9494435744', '123', 'UTADA LAKSHMI TULASI', 'ravikumar_csd@srkrec.edu.in', 'ST1031', 'https://goo.gl/maps/bZ77BEWATXWpgPQN9'),
('9494492599', '123', 'VADAPARTHI ANJANI NAGA SARANYA', 'ravikumar_csd@srkrec.edu.in', 'ST1032', 'https://goo.gl/maps/bZ77BEWATXWpgPQN9'),
('9494923625', '123', 'PAGOTI MADHUVARDHAN', 'ravikumar_csd@srkrec.edu.in', 'ST1033', 'https://goo.gl/maps/bZ77BEWATXWpgPQN9'),
('9505022222', '123', 'SEELABOINA SIVA PRASAD', 'ravikumar_csd@srkrec.edu.in', 'ST1034', 'https://goo.gl/maps/bZ77BEWATXWpgPQN9'),
('9505421188', '123', 'SHAIK ASHIYA SULTHANA', 'ravikumar_csd@srkrec.edu.in', 'ST1035', 'https://goo.gl/maps/bZ77BEWATXWpgPQN9'),
('9515851883', '123', 'SHAIK MOHAMMAD JUNAID', 'ravikumar_csd@srkrec.edu.in', 'ST1036', 'https://goo.gl/maps/bZ77BEWATXWpgPQN9'),
('9542672234', '123', 'SHAIK SALEEKHA', 'ravikumar_csd@srkrec.edu.in', 'ST1037', 'https://goo.gl/maps/bZ77BEWATXWpgPQN9'),
('9553444457', '123', 'SIDDIREDDI DURGA VENKATA SURYA REVANTH', 'ravikumar_csd@srkrec.edu.in', 'ST1038', 'https://goo.gl/maps/bZ77BEWATXWpgPQN9'),
('9554522222', '123', 'SIRIGIRI MALAVIKA', 'ravikumar_csd@srkrec.edu.in', 'ST1039', 'https://goo.gl/maps/bZ77BEWATXWpgPQN9'),
('9573407666', '123', 'SREE SOWMYA MADISI', 'ravikumar_csd@srkrec.edu.in', 'ST1040', 'https://goo.gl/maps/bZ77BEWATXWpgPQN9'),
('9577595776', '123', 'SURADA NITHISHA', 'ravikumar_csd@srkrec.edu.in', 'ST1041', 'https://goo.gl/maps/bZ77BEWATXWpgPQN9'),
('9603933338', '123', 'SYPU PRASANTHI', 'ravikumar_csd@srkrec.edu.in', 'ST1042', 'https://goo.gl/maps/bZ77BEWATXWpgPQN9'),
('9618110459', '123', 'TALARI VARUN', 'ravikumar_csd@srkrec.edu.in', 'ST1043', 'https://goo.gl/maps/bZ77BEWATXWpgPQN9'),
('9642803277', '123', 'TANGELLA LAHESH', 'ravikumar_csd@srkrec.edu.in', 'ST1044', 'https://goo.gl/maps/bZ77BEWATXWpgPQN9'),
('9652753739', '123', 'TEKI SURYA KRISHNA', 'ravikumar_csd@srkrec.edu.in', 'ST1045', 'https://goo.gl/maps/bZ77BEWATXWpgPQN9'),
('9652822235', '123', 'THOTA KAVYA SRI SATYA', 'ravikumar_csd@srkrec.edu.in', 'ST1046', 'https://goo.gl/maps/bZ77BEWATXWpgPQN9'),
('9701314877', '123', 'THRIBHUVAN TEJA MANELLA', 'ravikumar_csd@srkrec.edu.in', 'ST1047', 'https://goo.gl/maps/bZ77BEWATXWpgPQN9'),
('9704186789', '123', 'TONANGI DEVAPRASAD', 'ravikumar_csd@srkrec.edu.in', 'ST1048', 'https://goo.gl/maps/bZ77BEWATXWpgPQN9'),
('9704534455', '123', 'TYAGAMRAJU VENKATA INDU', 'ravikumar_csd@srkrec.edu.in', 'ST1049', 'https://goo.gl/maps/bZ77BEWATXWpgPQN9'),
('9739476669', '123', 'UPPULURI SAHITHI CHANDRIKA', 'ravikumar_csd@srkrec.edu.in', 'ST1050', 'https://goo.gl/maps/bZ77BEWATXWpgPQN9'),
('9849944199', '123', 'VADLAMURU NANDINI', 'ravikumar_csd@srkrec.edu.in', 'ST1051', 'https://goo.gl/maps/bZ77BEWATXWpgPQN9'),
('9866136008', '123', 'VANGALAPUDI SWARUPA', 'ravikumar_csd@srkrec.edu.in', 'ST1052', 'https://goo.gl/maps/bZ77BEWATXWpgPQN9'),
('9866412348', '123', 'VARRE SIRI CHANDANA', 'ravikumar_csd@srkrec.edu.in', 'ST1053', 'https://goo.gl/maps/bZ77BEWATXWpgPQN9'),
('9885394144', '123', 'VEDURUVADA PHANI VEERA BRAHMA DATTA', 'ravikumar_csd@srkrec.edu.in', 'ST1054', 'https://goo.gl/maps/bZ77BEWATXWpgPQN9'),
('9885670571', '123', 'VEGESNA HASINI', 'ravikumar_csd@srkrec.edu.in', 'ST1055', 'https://goo.gl/maps/bZ77BEWATXWpgPQN9'),
('9908034500', '123', 'VELPURI USHA KRUPA SRI', 'ravikumar_csd@srkrec.edu.in', 'ST1056', 'https://goo.gl/maps/bZ77BEWATXWpgPQN9'),
('9908144655', '123', 'VENKATA NAGA ANKITHA PULA', 'ravikumar_csd@srkrec.edu.in', 'ST1057', 'https://goo.gl/maps/bZ77BEWATXWpgPQN9'),
('9908954783', '123', 'VISSAKODETI YASWANTH KUMAR', 'ravikumar_csd@srkrec.edu.in', 'ST1058', 'https://goo.gl/maps/bZ77BEWATXWpgPQN9'),
('9948522226', '123', 'YALAKALA YASWANTH KUMAR', 'ravikumar_csd@srkrec.edu.in', 'ST1059', 'https://goo.gl/maps/bZ77BEWATXWpgPQN9'),
('9948817092', '123', 'YARRAGANTI SATYA BHASKAR', 'ravikumar_csd@srkrec.edu.in', 'ST1060', 'https://goo.gl/maps/bZ77BEWATXWpgPQN9'),
('9949414757', '123', 'YEKULA SATHWIKA', 'ravikumar_csd@srkrec.edu.in', 'ST1061', 'https://goo.gl/maps/bZ77BEWATXWpgPQN9'),
('9949432244', '123', 'PUDI CHAITANYA SRUJANA', 'ravikumar_csd@srkrec.edu.in', 'ST1062', 'https://goo.gl/maps/bZ77BEWATXWpgPQN9'),
('9949700007', '123', 'PYDI KIRAN MAHESH', 'ravikumar_csd@srkrec.edu.in', 'ST1063', 'https://goo.gl/maps/bZ77BEWATXWpgPQN9'),
('9949834977', '123', 'RAMAYANAM SAI VENKATA KRISHNA', 'ravikumar_csd@srkrec.edu.in', 'ST1064', 'https://goo.gl/maps/bZ77BEWATXWpgPQN9'),
('9949899498', '123', 'RAVURI HARITHA JYOTHI', 'ravikumar_csd@srkrec.edu.in', 'ST1065', 'https://goo.gl/maps/bZ77BEWATXWpgPQN9'),
('9949941133', '123', 'REDDI SAHITHI PALLAVI', 'ravikumar_csd@srkrec.edu.in', 'ST1066', 'https://goo.gl/maps/bZ77BEWATXWpgPQN9'),
('9959611117', '123', 'ROBERT BHANU PRASAD', 'ravikumar_csd@srkrec.edu.in', 'ST1067', 'https://goo.gl/maps/bZ77BEWATXWpgPQN9'),
('9963609788', '123', 'RUPINENI BHAVISHYA', 'ravikumar_csd@srkrec.edu.in', 'ST1068', 'https://goo.gl/maps/bZ77BEWATXWpgPQN9'),
('9966028333', '123', 'SAGI VENKATA NAGA SRIPUJITHA', 'ravikumar_csd@srkrec.edu.in', 'ST1069', 'https://goo.gl/maps/bZ77BEWATXWpgPQN9'),
('9966066668', '123', 'SAMSANI VIJAY KUMAR RAJU', 'ravikumar_csd@srkrec.edu.in', 'ST1070', 'https://goo.gl/maps/bZ77BEWATXWpgPQN9'),
('9985921927', '123', 'SARABU ANIL BABU', 'ravikumar_csd@srkrec.edu.in', 'ST1071', 'https://goo.gl/maps/bZ77BEWATXWpgPQN9'),
('9989804141', '123', 'SAVARAM POKHRAN ROYAL', 'ravikumar_csd@srkrec.edu.in', 'ST1072', 'https://goo.gl/maps/bZ77BEWATXWpgPQN9'),
('9989994199', '123', 'SHAIK ABDUL LATHIF', 'ravikumar_csd@srkrec.edu.in', 'ST1073', 'https://goo.gl/maps/bZ77BEWATXWpgPQN9'),
('pid', 'pass', 'pname', 'email', 'altphone', 'address');

-- --------------------------------------------------------

--
-- Table structure for table `schools`
--

CREATE TABLE `schools` (
  `sid` int(11) NOT NULL,
  `school_name` varchar(200) NOT NULL,
  `track_address` varchar(50) DEFAULT NULL,
  `school_address` varchar(255) NOT NULL
) ENGINE=InnoDB DEFAULT CHARSET=latin1 COLLATE=latin1_swedish_ci;

--
-- Dumping data for table `schools`
--

INSERT INTO `schools` (`sid`, `school_name`, `track_address`, `school_address`) VALUES
(1, 'Westberry School', NULL, 'Pedamiram, Bhimavaram\r\n'),
(2, 'Bhavans', NULL, 'Munshi Marg, Three Town, Bhimvaram\r\n'),
(3, 'Eurokids', NULL, 'Beside Chandrika Family Restaurant, Sriram Nagar, Bhimavaram\r\n'),
(4, 'Shiva Bhavani', NULL, 'Near SRKR College');

-- --------------------------------------------------------

--
-- Table structure for table `student`
--

CREATE TABLE `student` (
  `stdid` int(5) NOT NULL,
  `sname` varchar(30) NOT NULL,
  `school` int(11) NOT NULL,
  `rollno` varchar(15) NOT NULL,
  `sclass` int(11) NOT NULL,
  `sec` varchar(15) NOT NULL DEFAULT 'A',
  `gender` int(11) NOT NULL,
  `photo` varchar(70) NOT NULL,
  `subscription_date` date NOT NULL DEFAULT current_timestamp()
) ENGINE=InnoDB DEFAULT CHARSET=utf8mb4 COLLATE=utf8mb4_general_ci;

--
-- Dumping data for table `student`
--

INSERT INTO `student` (`stdid`, `sname`, `school`, `rollno`, `sclass`, `sec`, `gender`, `photo`, `subscription_date`) VALUES
(1, 'Ravi Kumar', 3, '21B91A6206', 9, 'SEM1', 2, 'IMG-64ac483d8b1618.03105153.png', '2003-11-21'),
(2, 'Bhanu Ganesh', 1, '21B91A6207', 10, 'SEM1', 0, 'IMG-64acb34e60d503.24542398.jpg', '2023-07-11'),
(3, 'Rajesh', 3, '45', 6, 'B', 2, 'IMG-64acbb16484452.20995998.jpg', '2023-07-11'),
(5, 'SANAKAM MOHAN GANESH', 1, 'STD0004', 2, 'SEM5', 1, '', '0000-00-00'),
(6, 'SASHANK SINHA KAKILETI', 1, 'STD0005', 3, 'SEM6', 2, '', '0000-00-00'),
(7, 'SEELABOINA LOKESWAR', 1, 'STD0006', 5, 'SEM7', 1, '', '0000-00-00'),
(8, 'SHAIK ASGHAR', 1, 'STD0007', 6, 'SEM8', 2, '', '0000-00-00'),
(9, 'SHAIK MEERA SHAREEF', 1, 'STD0008', 4, 'SEM9', 1, '', '0000-00-00'),
(10, 'SHAIK SADULLA', 1, 'STD0009', 7, 'SEM10', 2, '', '0000-00-00'),
(11, 'SIDAGAM VINAY PRASAD', 1, 'STD0010', 8, 'SEM11', 1, '', '0000-00-00'),
(12, 'SIRIGINEEDI VENKATA VIDYA SAHI', 1, 'STD0011', 9, 'SEM12', 2, '', '0000-00-00'),
(13, 'SREE BHAVANA LINGAM', 1, 'STD0012', 10, 'SEM13', 1, '', '0000-00-00'),
(14, 'SUNKARA SRI RANGANADH', 1, 'STD0013', 3, 'SEM14', 2, '', '0000-00-00'),
(15, 'SYED MADINA NADEEM', 1, 'STD0014', 4, 'SEM15', 1, '', '0000-00-00'),
(16, 'TALARI SNIGDHA', 1, 'STD0015', 4, 'SEM16', 2, '', '0000-00-00'),
(17, 'TANANKI SATYA PAVAN GANESH', 1, 'STD0016', 3, 'SEM17', 1, '', '0000-00-00'),
(18, 'TEKETI DARAHASINI', 1, 'STD0017', 6, 'SEM18', 2, '', '0000-00-00'),
(19, 'THONTA LAKSHMANA SATISH CHANDR', 1, 'STD0018', 9, 'SEM19', 1, '', '0000-00-00'),
(20, 'THOTAKURA RAGHAVENDRA SAI KUMA', 1, 'STD0019', 6, 'SEM20', 2, '', '0000-00-00'),
(21, 'TIRUVEEDI CHANDU VENKATA MANI ', 1, 'STD0020', 6, 'SEM21', 1, '', '0000-00-00'),
(22, 'TUTARAPU SIVA SRI HARSHA', 1, 'STD0021', 9, 'SEM22', 2, '', '0000-00-00'),
(23, 'UPPU ANUSHA', 1, 'STD0022', 1, 'SEM23', 1, '', '0000-00-00'),
(24, 'VADLAMUDI MADHUBABU', 1, 'STD0023', 3, 'SEM24', 2, '', '0000-00-00'),
(25, 'VANGALAPUDI MOUNIKA', 1, 'STD0024', 5, 'SEM25', 1, '', '0000-00-00'),
(26, 'VARRA JAYA LAKSHMI', 1, 'STD0025', 2, 'SEM26', 2, '', '0000-00-00'),
(27, 'VEDANGI SYAM SUNDAR', 1, 'STD0026', 3, 'SEM27', 1, '', '0000-00-00'),
(28, 'VEGESNA GNANA SAI VARMA', 1, 'STD0027', 5, 'SEM28', 2, '', '0000-00-00'),
(29, 'VELLA S S M N SATYA VINAY', 1, 'STD0028', 6, 'SEM29', 1, '', '0000-00-00'),
(30, 'VENKATA GANESH PABBINEEDI', 1, 'STD0029', 4, 'SEM30', 2, '', '0000-00-00'),
(31, 'VIPPARTHI AKSHAY', 1, 'STD0030', 7, 'SEM31', 1, '', '0000-00-00'),
(32, 'YALAKALA GANESH', 1, 'STD0031', 8, 'SEM32', 2, '', '0000-00-00'),
(33, 'YARRA SAI CHANDANA', 1, 'STD0032', 9, 'SEM33', 1, '', '0000-00-00'),
(34, 'ADAPA LAKSHMI SRI VALLIKA', 1, 'STD0033', 10, 'SEM34', 2, '', '0000-00-00'),
(35, 'ADIREDDY ESWAR SAI MANIKANTA', 1, 'STD0034', 3, 'SEM35', 1, '', '0000-00-00'),
(36, 'AKULA MOHANA NAGA SANTOSH', 1, 'STD0035', 4, 'SEM36', 2, '', '0000-00-00'),
(37, 'ALAVELLI NARASIMHA LAXMI GANES', 1, 'STD0036', 4, 'SEM37', 1, '', '0000-00-00'),
(38, 'ALLURI VINAY VARMA', 1, 'STD0037', 3, 'SEM38', 2, '', '0000-00-00'),
(39, 'ANANDAM SOMA KANAKA PRAMOD', 1, 'STD0038', 6, 'SEM39', 1, '', '0000-00-00'),
(40, 'ANNAPAREDDY GEETHA', 1, 'STD0039', 9, 'SEM40', 2, '', '0000-00-00'),
(41, 'ARETI VEERA VENKATA SAI DHARAN', 1, 'STD0040', 6, 'SEM41', 1, '', '0000-00-00'),
(42, 'AYINAVILLI SIVATEJA GOUD', 1, 'STD0041', 6, 'SEM42', 2, '', '0000-00-00'),
(43, 'BALABHADRUNI JNANA MUKHESH', 1, 'STD0042', 9, 'SEM43', 1, '', '0000-00-00'),
(44, 'BANDI MOUNIKA', 1, 'STD0043', 1, 'SEM44', 2, '', '0000-00-00'),
(45, 'BATHULA SANDEEP', 1, 'STD0044', 3, 'SEM45', 1, '', '0000-00-00'),
(46, 'BELLAPU SUBHAKAR RAJU', 1, 'STD0045', 5, 'SEM46', 2, '', '0000-00-00'),
(47, 'BHOGIREDDY HARIKA', 1, 'STD0046', 2, 'SEM47', 1, '', '0000-00-00'),
(48, 'BODANKI VENKATA NAGENDRA', 1, 'STD0047', 3, 'SEM48', 2, '', '0000-00-00'),
(49, 'BODEPU LAKSHMI SAI JOHARIKA', 1, 'STD0048', 5, 'SEM49', 1, '', '0000-00-00'),
(50, 'BOLISETTI DEVA', 1, 'STD0049', 6, 'SEM50', 2, '', '0000-00-00'),
(51, 'BOMMI RAGA MADHURI', 1, 'STD0050', 4, 'SEM51', 1, '', '0000-00-00'),
(52, 'BORRA MANIKANTA SWAMY', 1, 'STD0051', 7, 'SEM52', 2, '', '0000-00-00'),
(53, 'BUDHIREDLA SAI KUMAR', 1, 'STD0052', 8, 'SEM53', 1, '', '0000-00-00'),
(54, 'CH J S V N H BHAGATH', 1, 'STD0053', 9, 'SEM54', 2, '', '0000-00-00'),
(55, 'CHAMANA SYAM SAI SRINIVAS GOWT', 1, 'STD0054', 10, 'SEM55', 1, '', '0000-00-00'),
(56, 'CHEEDAY POORNA NAGA SAI', 1, 'STD0055', 3, 'SEM56', 2, '', '0000-00-00'),
(57, 'CHENNAMSETTI ANUSHA', 1, 'STD0056', 4, 'SEM57', 1, '', '0000-00-00'),
(58, 'CHINTA ANAND DEVADAS', 1, 'STD0057', 4, 'SEM58', 2, '', '0000-00-00'),
(59, 'CHIPURI DILEEP KUMAR', 1, 'STD0058', 3, 'SEM59', 1, '', '0000-00-00'),
(60, 'CHITTIBOINA JYOTHI', 1, 'STD0059', 6, 'SEM60', 2, '', '0000-00-00'),
(61, 'CHOUTIPALLI P S V DURGA SAI RA', 1, 'STD0060', 9, 'SEM61', 1, '', '0000-00-00'),
(62, 'DAMPANABOYINA SAI RAKESH', 1, 'STD0061', 6, 'SEM62', 2, '', '0000-00-00'),
(63, 'DARAM KARTHIK', 1, 'STD0062', 6, 'SEM63', 1, '', '0000-00-00'),
(64, 'DAVULURI AKASH', 1, 'STD0063', 9, 'SEM64', 2, '', '0000-00-00'),
(65, 'DEVI NAGA SAI KIRAN THOTA', 1, 'STD0064', 1, 'SEM65', 1, '', '0000-00-00'),
(66, 'DIVVELA DEVIKARANI', 1, 'STD0065', 3, 'SEM66', 2, '', '0000-00-00'),
(67, 'DONGA DIVYA MANASA', 1, 'STD0066', 5, 'SEM67', 1, '', '0000-00-00'),
(68, 'DUDEKULA RESHMA', 1, 'STD0067', 2, 'SEM68', 2, '', '0000-00-00'),
(69, 'EDE SHANMUKHA SAI VARA PRASAD', 1, 'STD0068', 3, 'SEM69', 1, '', '0000-00-00'),
(70, 'ESURU KUSUMA KUMARI', 1, 'STD0069', 5, 'SEM70', 2, '', '0000-00-00'),
(71, 'GALALA SRIHITHA', 1, 'STD0070', 6, 'SEM71', 1, '', '0000-00-00'),
(72, 'GANGIREDDY VENKATA LAKSHMI', 1, 'STD0071', 4, 'SEM72', 2, '', '0000-00-00'),
(73, 'GANTA NARASIMHAM', 1, 'STD0072', 7, 'SEM73', 1, '', '0000-00-00'),
(74, 'GEDELA ARUNA', 1, 'STD0073', 8, 'SEM74', 2, '', '0000-00-00'),
(75, 'GOGULAMUDI KEERTHI', 1, 'STD0074', 9, 'SEM75', 1, '', '0000-00-00'),
(76, 'GONGATI VENKATA SAI MOUNISHWAR', 1, 'STD0075', 10, 'SEM76', 2, '', '0000-00-00'),
(77, 'GOTTAPU DURGA VINAY', 1, 'STD0076', 3, 'SEM77', 1, '', '0000-00-00'),
(78, 'GUBBALA LAHARI', 1, 'STD0077', 4, 'SEM78', 2, '', '0000-00-00'),
(79, 'GUDIMETLA CHAITANYA DEEPAK', 1, 'STD0078', 4, 'SEM79', 1, '', '0000-00-00'),
(80, 'GULLINKALA SAI KRISHNA', 1, 'STD0079', 3, 'SEM80', 2, '', '0000-00-00'),
(81, 'GUNNAM RUPESH CHOWDARY', 1, 'STD0080', 6, 'SEM81', 1, '', '0000-00-00'),
(82, 'GURUMALLA AKEERA NANDAN', 1, 'STD0081', 9, 'SEM82', 2, '', '0000-00-00'),
(83, 'IJJADA DEEPIKA', 1, 'STD0082', 6, 'SEM83', 1, '', '0000-00-00'),
(84, 'IRRINKI LEELA SURYA MANIKANTA', 1, 'STD0083', 6, 'SEM84', 2, '', '0000-00-00'),
(85, 'JALDU CHANDINI', 1, 'STD0084', 9, 'SEM85', 1, '', '0000-00-00'),
(86, 'JAVVADI KUNDANA GOWRI SATYA NA', 1, 'STD0085', 1, 'SEM86', 2, '', '0000-00-00'),
(87, 'JONNAKUTI SATISH KUMAR', 1, 'STD0086', 3, 'SEM87', 1, '', '0000-00-00'),
(88, 'JYOTULA DURGA SIVA PREETHAM', 1, 'STD0087', 5, 'SEM88', 2, '', '0000-00-00'),
(89, 'KAGGA MOUNIKA', 1, 'STD0088', 2, 'SEM89', 1, '', '0000-00-00'),
(90, 'KALE PRAVEEN KUMAR', 1, 'STD0089', 3, 'SEM90', 2, '', '0000-00-00'),
(91, 'KALLEPALLI SAI CHARISHMA', 1, 'STD0090', 5, 'SEM91', 1, '', '0000-00-00'),
(92, 'KAMISETTI MADHAVI SATYA SEETHU', 1, 'STD0091', 6, 'SEM92', 2, '', '0000-00-00'),
(93, 'KANCHIPUDI JOSEPH RINNA', 1, 'STD0092', 4, 'SEM93', 1, '', '0000-00-00'),
(94, 'KANIGIRI S V S S CHAKRI NAVEEN', 1, 'STD0093', 7, 'SEM94', 2, '', '0000-00-00'),
(95, 'KANUKOLANU MANJITH', 1, 'STD0094', 8, 'SEM95', 1, '', '0000-00-00'),
(96, 'KARRA BHARGAV', 1, 'STD0095', 9, 'SEM96', 2, '', '0000-00-00'),
(97, 'RUTTALA LAKSHMIPADMATEJA', 1, 'STD0096', 10, 'SEM97', 1, '', '0000-00-00'),
(98, 'SAI SAMANVI TRIPURARI', 1, 'STD0097', 3, 'SEM98', 2, '', '0000-00-00'),
(99, 'SANABOINA PAVAN KUMAR', 1, 'STD0098', 4, 'SEM99', 1, '', '0000-00-00'),
(100, 'SARIDE KUSUMA SAI SRI', 1, 'STD0099', 4, 'SEM1', 2, '', '0000-00-00'),
(101, 'SAYANI SINDU', 1, 'STD0100', 3, 'SEM2', 1, '', '0000-00-00'),
(102, 'SHAIK AHMED RAFI', 1, 'STD0101', 6, 'SEM3', 2, '', '0000-00-00'),
(103, 'SHAIK MAHABOOB SUBHANI', 1, 'STD0102', 9, 'SEM4', 1, '', '0000-00-00'),
(104, 'SHAIK RIYAZ', 1, 'STD0103', 6, 'SEM5', 2, '', '0000-00-00'),
(105, 'SHEIK GAYASUDDIN', 1, 'STD0104', 6, 'SEM6', 1, '', '0000-00-00'),
(106, 'SIRIGINEEDI SATYA CHAITANYA', 1, 'STD0105', 9, 'SEM7', 2, '', '0000-00-00'),
(107, 'SOMU LAKSHMAN SAI KUMAR', 1, 'STD0106', 1, 'SEM8', 1, '', '0000-00-00'),
(108, 'SUNKARA DHARMA TEJA', 1, 'STD0107', 3, 'SEM9', 2, '', '0000-00-00'),
(109, 'SUVVADA SAI SANDEEP', 1, 'STD0108', 5, 'SEM10', 1, '', '0000-00-00'),
(110, 'TALABATTULA J S N BHAVYA', 1, 'STD0109', 2, 'SEM11', 2, '', '0000-00-00'),
(111, 'TAMMINEEDI NAGA VENKATESWARA M', 1, 'STD0110', 3, 'SEM12', 1, '', '0000-00-00'),
(112, 'TEEPARTI KAVYA SATYA SREE', 1, 'STD0111', 5, 'SEM13', 2, '', '0000-00-00'),
(113, 'SRINIVASULA BHASKARA PRABHAT', 1, 'STD0112', 6, 'SEM14', 1, '', '0000-00-00'),
(114, 'SUREPALLI PRAVEEN', 1, 'STD0113', 4, 'SEM15', 2, '', '0000-00-00'),
(115, 'TADI BHAVANI', 1, 'STD0114', 7, 'SEM16', 1, '', '0000-00-00'),
(116, 'TALLABATTULA PRAVEEN', 1, 'STD0115', 8, 'SEM17', 2, '', '0000-00-00'),
(117, 'TANNEERU VASANTH KUMAR', 1, 'STD0116', 9, 'SEM18', 1, '', '0000-00-00'),
(118, 'TELAGATHOTI SANKEERTHANA', 1, 'STD0117', 10, 'SEM19', 2, '', '0000-00-00'),
(119, 'THOTA MAHESH', 1, 'STD0118', 3, 'SEM20', 1, '', '0000-00-00'),
(120, 'THUTTAGUNTA SRI SAI ABHIRAM', 1, 'STD0119', 4, 'SEM21', 2, '', '0000-00-00'),
(121, 'TSAMA TRIDEV', 1, 'STD0120', 4, 'SEM22', 1, '', '0000-00-00'),
(122, 'UGGIRALA MEGHANA', 1, 'STD0121', 3, 'SEM23', 2, '', '0000-00-00'),
(123, 'URRINKALA JAI KISHORE', 1, 'STD0122', 6, 'SEM24', 1, '', '0000-00-00'),
(124, 'VAKA SAI PAVAN', 1, 'STD0123', 9, 'SEM25', 2, '', '0000-00-00'),
(125, 'VANGURI VIJAYA NAGA RAJU', 1, 'STD0124', 6, 'SEM26', 1, '', '0000-00-00'),
(126, 'VASA NAGA SIRICHANDANA', 1, 'STD0125', 6, 'SEM27', 2, '', '0000-00-00'),
(127, 'VEERA GIRIJA', 1, 'STD0126', 9, 'SEM28', 1, '', '0000-00-00'),
(128, 'VEGESNA SAI KRISHNAM RAJU', 1, 'STD0127', 1, 'SEM29', 2, '', '0000-00-00'),
(129, 'VEMAVARAPU TEJA', 1, 'STD0128', 3, 'SEM30', 1, '', '0000-00-00'),
(130, 'VETCHA NAGA MANIKANTA RAMA SUB', 1, 'STD0129', 5, 'SEM31', 2, '', '0000-00-00'),
(131, 'VISWANADHAPALLI PRASHANTH', 1, 'STD0130', 2, 'SEM32', 1, '', '0000-00-00'),
(132, 'YALAMARTHI SRUJITHA', 1, 'STD0131', 3, 'SEM33', 2, '', '0000-00-00'),
(133, 'YARRAMALA SAMUEL BARNABAS', 1, 'STD0132', 5, 'SEM34', 1, '', '0000-00-00'),
(134, 'YELLETI ARUNKUMAR', 1, 'STD0133', 6, 'SEM35', 2, '', '0000-00-00'),
(135, 'ADADA SRAVANI', 1, 'STD0134', 4, 'SEM36', 1, '', '0000-00-00'),
(136, 'ADIMULAM DEEPA PRABHA', 1, 'STD0135', 7, 'SEM37', 2, '', '0000-00-00'),
(137, 'AKULA DEEPTHI RATNA SRI', 1, 'STD0136', 8, 'SEM38', 1, '', '0000-00-00'),
(138, 'ALAPATI JAHNAVI', 1, 'STD0137', 9, 'SEM39', 2, '', '0000-00-00'),
(139, 'ALLURI SRI NAGA SAI SRI CHAITA', 1, 'STD0138', 10, 'SEM40', 1, '', '0000-00-00'),
(140, 'ANAND KIRAN PILLI', 1, 'STD0139', 3, 'SEM41', 2, '', '0000-00-00'),
(141, 'ANNAMDEVULA SATYA VENKAT', 1, 'STD0140', 4, 'SEM42', 1, '', '0000-00-00'),
(142, 'ARETI SATYA VINAYAK', 1, 'STD0141', 4, 'SEM43', 2, '', '0000-00-00'),
(143, 'AVADUTALA GAYATRI', 1, 'STD0142', 3, 'SEM44', 1, '', '0000-00-00'),
(144, 'BALA SAI PRIYANKA', 1, 'STD0143', 6, 'SEM45', 2, '', '0000-00-00'),
(145, 'BANDARU RADHIKA', 1, 'STD0144', 9, 'SEM46', 1, '', '0000-00-00'),
(146, 'BATCHU SAI SAMPATH KUMAR', 1, 'STD0145', 6, 'SEM47', 2, '', '0000-00-00'),
(147, 'BELLAGANTI DHEERAJ', 1, 'STD0146', 6, 'SEM48', 1, '', '0000-00-00'),
(148, 'BHIMAVARAPU MUZZAMMIL', 1, 'STD0147', 9, 'SEM49', 2, '', '0000-00-00'),
(149, 'BODA VEERA NAGA VENKATA SAI RA', 1, 'STD0148', 1, 'SEM50', 1, '', '0000-00-00'),
(150, 'BODDUPALLI SRINIVASA TEJA', 1, 'STD0149', 3, 'SEM51', 2, '', '0000-00-00'),
(151, 'BOKKA YASWANTH KUMAR', 1, 'STD0150', 5, 'SEM52', 1, '', '0000-00-00'),
(152, 'BOMMARAJU SAI SRUJAN', 1, 'STD0151', 2, 'SEM53', 2, '', '0000-00-00'),
(153, 'BORRA JAI MAHESH', 1, 'STD0152', 3, 'SEM54', 1, '', '0000-00-00'),
(154, 'BUDDHARAJU VIJAY VARMA', 1, 'STD0153', 5, 'SEM55', 2, '', '0000-00-00'),
(155, 'BYPUREDDY RAMU', 1, 'STD0154', 6, 'SEM56', 1, '', '0000-00-00'),
(156, 'CHALLAPALLI VENKATESWARLU', 1, 'STD0155', 4, 'SEM57', 2, '', '0000-00-00'),
(157, 'CHATRATHI SAI VAMSI', 1, 'STD0156', 7, 'SEM58', 1, '', '0000-00-00'),
(158, 'CHELLURI PAVAN KUMAR', 1, 'STD0157', 8, 'SEM59', 2, '', '0000-00-00'),
(159, 'CHINDA LAKSHMI MAHITHA', 1, 'STD0158', 9, 'SEM60', 1, '', '0000-00-00'),
(160, 'CHIPPADA KAVYA', 1, 'STD0159', 10, 'SEM61', 2, '', '0000-00-00'),
(161, 'CHITTALA DIVYA SRI AKSHAYA', 1, 'STD0160', 3, 'SEM62', 1, '', '0000-00-00'),
(162, 'CHOPPARA MANI TEJA', 1, 'STD0161', 4, 'SEM63', 2, '', '0000-00-00'),
(163, 'DAMMU JASWANTH SAI', 1, 'STD0162', 4, 'SEM64', 1, '', '0000-00-00'),
(164, 'DARA SABITHA', 1, 'STD0163', 3, 'SEM65', 2, '', '0000-00-00'),
(165, 'DATLA PRAVEEN VISHNU VARAMA', 1, 'STD0164', 6, 'SEM66', 1, '', '0000-00-00'),
(166, 'DEVARAPALLI PAVAN SAI', 1, 'STD0165', 9, 'SEM67', 2, '', '0000-00-00'),
(167, 'DIRISAM GIRISH', 1, 'STD0166', 6, 'SEM68', 1, '', '0000-00-00'),
(168, 'DONDAPATI SIMHADRI', 1, 'STD0167', 6, 'SEM69', 2, '', '0000-00-00'),
(169, 'DUDDUPUDI VAHINI SATYA NAGA DU', 1, 'STD0168', 9, 'SEM70', 1, '', '0000-00-00'),
(170, 'EDARA HEMANTH', 1, 'STD0169', 1, 'SEM71', 2, '', '0000-00-00'),
(171, 'EROTHU NAGA SAI YASHWANTH', 1, 'STD0170', 3, 'SEM72', 1, '', '0000-00-00'),
(172, 'GAJULA GREESHMA NAGA SUPRAJA', 1, 'STD0171', 5, 'SEM73', 2, '', '0000-00-00'),
(173, 'GANGIPAMULA JESWANTH GOVIND', 1, 'STD0172', 2, 'SEM74', 1, '', '0000-00-00'),
(174, 'GANTA ESWAR PRAKASH', 1, 'STD0173', 3, 'SEM75', 2, '', '0000-00-00'),
(175, 'GEDDAM TEJA', 1, 'STD0174', 5, 'SEM76', 1, '', '0000-00-00'),
(176, 'GOGANI DINESH', 1, 'STD0175', 6, 'SEM77', 2, '', '0000-00-00'),
(177, 'GONA AKSHAY KUMAR', 1, 'STD0176', 4, 'SEM78', 1, '', '0000-00-00'),
(178, 'GOTIKA LAKSHMI SREEJA', 2, 'STD0177', 7, 'SEM79', 2, '', '0000-00-00'),
(179, 'GUBBALA ANIL KUMAR', 2, 'STD0178', 8, 'SEM80', 1, '', '0000-00-00'),
(180, 'GUDDATI PAVAN SATYA', 2, 'STD0179', 9, 'SEM81', 2, '', '0000-00-00'),
(181, 'GULLANKI SUNNY', 2, 'STD0180', 10, 'SEM82', 1, '', '0000-00-00'),
(182, 'GUNNAM KUMAR VINAY KRISHNA', 2, 'STD0181', 3, 'SEM83', 2, '', '0000-00-00'),
(183, 'GURUGUBELLI RAMA KRISHNA', 2, 'STD0182', 4, 'SEM84', 1, '', '0000-00-00'),
(184, 'IBBA NAGA HRUSHIKESH', 2, 'STD0183', 4, 'SEM85', 2, '', '0000-00-00'),
(185, 'IPPILI SATYA ABHISHEK', 2, 'STD0184', 3, 'SEM86', 1, '', '0000-00-00'),
(186, 'JAKKAMPUDI MAHITH NAGA VENKATA', 2, 'STD0185', 6, 'SEM87', 2, '', '0000-00-00'),
(187, 'JARAPALA RAMA CHANDU NAIK', 2, 'STD0186', 9, 'SEM88', 1, '', '0000-00-00'),
(188, 'JONNAKUTI MANASA', 2, 'STD0187', 6, 'SEM89', 2, '', '0000-00-00'),
(189, 'JUVVALA DINESH', 2, 'STD0188', 6, 'SEM90', 1, '', '0000-00-00'),
(190, 'KADIYALA YEDUKONDALU', 2, 'STD0189', 9, 'SEM91', 2, '', '0000-00-00'),
(191, 'KALAPALA KALYAN BABU', 2, 'STD0190', 1, 'SEM92', 1, '', '0000-00-00'),
(192, 'KALLAKURI KESAVA LAKSHMI', 2, 'STD0191', 3, 'SEM93', 2, '', '0000-00-00'),
(193, 'KAMIREDDY TEJESWAR REDDY', 2, 'STD0192', 5, 'SEM94', 1, '', '0000-00-00'),
(194, 'KANCHARLA V V S S L VARSHITHA', 2, 'STD0193', 2, 'SEM95', 2, '', '0000-00-00'),
(195, 'KANDULAPATI PADMAJIRAO', 2, 'STD0194', 3, 'SEM96', 1, '', '0000-00-00'),
(196, 'KANTLA SRIBHAVYA', 2, 'STD0195', 5, 'SEM97', 2, '', '0000-00-00'),
(197, 'KARIBANDI GANESH', 2, 'STD0196', 6, 'SEM98', 1, '', '0000-00-00'),
(198, 'KARUMANCHI PREM KUMAR', 2, 'STD0197', 4, 'SEM99', 2, '', '0000-00-00'),
(199, 'KASUKURTHI YUVA TEJA', 2, 'STD0198', 7, 'SEM1', 1, '', '0000-00-00'),
(200, 'KATTUNGA JAGADEESH SAI', 2, 'STD0199', 8, 'SEM2', 2, '', '0000-00-00'),
(201, 'KESANA MOHANA KRISHNA', 2, 'STD0200', 9, 'SEM3', 1, '', '0000-00-00'),
(202, 'KODALI SATYA SAI PRIYA', 2, 'STD0201', 10, 'SEM4', 2, '', '0000-00-00'),
(203, 'KOLLABATHINA SUPRIYA', 2, 'STD0202', 3, 'SEM5', 1, '', '0000-00-00'),
(204, 'KOLLURI VENKATA SAI AYYAPPA AD', 2, 'STD0203', 4, 'SEM6', 2, '', '0000-00-00'),
(205, 'KONA HEMANTH', 2, 'STD0204', 4, 'SEM7', 1, '', '0000-00-00'),
(206, 'KONDEPU GIRIDHAR', 2, 'STD0205', 3, 'SEM8', 2, '', '0000-00-00'),
(207, 'KOPPISETTI V V RITWIK KALYANA ', 2, 'STD0206', 6, 'SEM9', 1, '', '0000-00-00'),
(208, 'KOSURI SAI LAKSHMI', 2, 'STD0207', 9, 'SEM10', 2, '', '0000-00-00'),
(209, 'KOTNI HEMA SAI LAKSHMI', 2, 'STD0208', 6, 'SEM11', 1, '', '0000-00-00'),
(210, 'KRISHNA SRI BEZAWADA', 2, 'STD0209', 6, 'SEM12', 2, '', '0000-00-00'),
(211, 'KUNCHALA BALAJI SWAMY', 2, 'STD0210', 9, 'SEM13', 1, '', '0000-00-00'),
(212, 'KUSUME TEJA JAGADEESH', 2, 'STD0211', 1, 'SEM14', 2, '', '0000-00-00'),
(213, 'LANKALAPALLI MANOJ PADMA SAI D', 2, 'STD0212', 3, 'SEM15', 1, '', '0000-00-00'),
(214, 'MADALA SIVA KRISHNA', 2, 'STD0213', 5, 'SEM16', 2, '', '0000-00-00'),
(215, 'MADICHARLA RUPESH KUMAR', 2, 'STD0214', 2, 'SEM17', 1, '', '0000-00-00'),
(216, 'MAKKENA MANOJ KUMAR', 2, 'STD0215', 3, 'SEM18', 2, '', '0000-00-00'),
(217, 'MANAM RAAGA CHANDRIKA', 2, 'STD0216', 5, 'SEM19', 1, '', '0000-00-00'),
(218, 'MANDELA PAVAN NAGA CHAITANYA', 2, 'STD0217', 6, 'SEM20', 2, '', '0000-00-00'),
(219, 'MANNEM AJAY', 2, 'STD0218', 4, 'SEM21', 1, '', '0000-00-00'),
(220, 'MARISERLA VANDANA', 2, 'STD0219', 7, 'SEM22', 2, '', '0000-00-00'),
(221, 'MATSETI MANIKANTA SAI TIRUMALA', 2, 'STD0220', 8, 'SEM23', 1, '', '0000-00-00'),
(222, 'MEDICHERLA BHAVANA LAKSHMI SUR', 2, 'STD0221', 9, 'SEM24', 2, '', '0000-00-00'),
(223, 'MELAM KEERTHI', 2, 'STD0222', 10, 'SEM25', 1, '', '0000-00-00'),
(224, 'MOHAMMAD AFSHAN JABEEN', 2, 'STD0223', 3, 'SEM26', 2, '', '0000-00-00'),
(225, 'MOHAMMED SAAJID AHAMED', 2, 'STD0224', 4, 'SEM27', 1, '', '0000-00-00'),
(226, 'MOTUPALLI RAKESH BABU', 2, 'STD0225', 4, 'SEM28', 2, '', '0000-00-00'),
(227, 'MUDUKU NEHA', 2, 'STD0226', 3, 'SEM29', 1, '', '0000-00-00'),
(228, 'MUKKU SANJAY KRISHNA', 2, 'STD0227', 6, 'SEM30', 2, '', '0000-00-00'),
(229, 'MUNNI BEDAMPUDI', 2, 'STD0228', 9, 'SEM31', 1, '', '0000-00-00'),
(230, 'MUSKUDI NANI BABU', 2, 'STD0229', 6, 'SEM32', 2, '', '0000-00-00'),
(231, 'NADIKATTU VAMSI KUMAR REDDY', 2, 'STD0230', 6, 'SEM33', 1, '', '0000-00-00'),
(232, 'NALLAMILLI JYOTHISHANTI', 2, 'STD0231', 9, 'SEM34', 2, '', '0000-00-00'),
(233, 'NARA ANUSHA', 2, 'STD0232', 1, 'SEM35', 1, '', '0000-00-00'),
(234, 'NEELIROTHU JNANENDHAR', 2, 'STD0233', 3, 'SEM36', 2, '', '0000-00-00'),
(235, 'NIDADAVOLU SATYANARAYANA RAJU', 2, 'STD0234', 5, 'SEM37', 1, '', '0000-00-00'),
(236, 'NODAGANI RAJ KAMAL', 2, 'STD0235', 2, 'SEM38', 2, '', '0000-00-00'),
(237, 'ODURI RAVI', 2, 'STD0236', 3, 'SEM39', 1, '', '0000-00-00'),
(238, 'PAIDIKONDALA JAYA SRI', 2, 'STD0237', 5, 'SEM40', 2, '', '0000-00-00'),
(239, 'PALLA PURNA CHANDU', 2, 'STD0238', 6, 'SEM41', 1, '', '0000-00-00'),
(240, 'PAMPANA LIKHITHA SRI', 2, 'STD0239', 4, 'SEM42', 2, '', '0000-00-00'),
(241, 'PAPPU SAI LAKSHMAN', 2, 'STD0240', 7, 'SEM43', 1, '', '0000-00-00'),
(242, 'PATCHALA S ROSHAN CHAKRAVARTHY', 2, 'STD0241', 8, 'SEM44', 2, '', '0000-00-00'),
(243, 'PATURI MERCY JEMIMA', 2, 'STD0242', 9, 'SEM45', 1, '', '0000-00-00'),
(244, 'PEDDINTI JASWANTH KUMAR', 2, 'STD0243', 10, 'SEM46', 2, '', '0000-00-00'),
(245, 'PENMETSA JYOTHIRNITHYA', 2, 'STD0244', 3, 'SEM47', 1, '', '0000-00-00'),
(246, 'PEPAKAYALA SUDESHNA', 2, 'STD0245', 4, 'SEM48', 2, '', '0000-00-00'),
(247, 'PILLA VINEELA', 2, 'STD0246', 4, 'SEM49', 1, '', '0000-00-00'),
(248, 'PIPALLA YAJNA NAGA SATYA VARAP', 2, 'STD0247', 3, 'SEM50', 2, '', '0000-00-00'),
(249, 'PODILI SRI KRISHNA SANKAR', 2, 'STD0248', 6, 'SEM51', 1, '', '0000-00-00'),
(250, 'PONNAMANDA VEERA VENKATA SATYA', 2, 'STD0249', 9, 'SEM52', 2, '', '0000-00-00'),
(251, 'POTU ESWAR SRI SATYA', 2, 'STD0250', 6, 'SEM53', 1, '', '0000-00-00'),
(252, 'PULAKHANDAM L V S S MANIKANTA', 2, 'STD0251', 6, 'SEM54', 2, '', '0000-00-00'),
(253, 'RAAVI SRIRAM', 2, 'STD0252', 9, 'SEM55', 1, '', '0000-00-00'),
(254, 'RANDHI PUJITHA', 2, 'STD0253', 1, 'SEM56', 2, '', '0000-00-00'),
(255, 'RAYAPUREDDI HARI', 2, 'STD0254', 3, 'SEM57', 1, '', '0000-00-00'),
(256, 'REKAPALLI JAYASRIGANESH', 2, 'STD0255', 5, 'SEM58', 2, '', '0000-00-00'),
(257, 'ROSHAN BAIG', 2, 'STD0256', 2, 'SEM59', 1, '', '0000-00-00'),
(258, 'SAADIYA SAYYED', 2, 'STD0257', 3, 'SEM60', 2, '', '0000-00-00'),
(259, 'SAKA GOWTHAM SURYA PRAKASH', 2, 'STD0258', 5, 'SEM61', 1, '', '0000-00-00'),
(260, 'SANAM LIKITHA MAHALAKSHMI', 2, 'STD0259', 6, 'SEM62', 2, '', '0000-00-00'),
(261, 'SASI CHANDAN', 2, 'STD0260', 4, 'SEM63', 1, '', '0000-00-00'),
(262, 'SEELABOINA SIVA PRASAD', 2, 'STD0261', 7, 'SEM64', 2, '', '0000-00-00'),
(263, 'SHAIK ASHIYA SULTHANA', 2, 'STD0262', 8, 'SEM65', 1, '', '0000-00-00'),
(264, 'SHAIK MOHAMMAD JUNAID', 2, 'STD0263', 9, 'SEM66', 2, '', '0000-00-00'),
(265, 'SHAIK SALEEKHA', 2, 'STD0264', 10, 'SEM67', 1, '', '0000-00-00'),
(266, 'SIDDIREDDI DURGA VENKATA SURYA', 2, 'STD0265', 3, 'SEM68', 2, '', '0000-00-00'),
(267, 'SIRIGIRI MALAVIKA', 2, 'STD0266', 4, 'SEM69', 1, '', '0000-00-00'),
(268, 'SREE SOWMYA MADISI', 2, 'STD0267', 4, 'SEM70', 2, '', '0000-00-00'),
(269, 'SURADA NITHISHA', 2, 'STD0268', 3, 'SEM71', 1, '', '0000-00-00'),
(270, 'SYPU PRASANTHI', 2, 'STD0269', 6, 'SEM72', 2, '', '0000-00-00'),
(271, 'TALARI VARUN', 2, 'STD0270', 9, 'SEM73', 1, '', '0000-00-00'),
(272, 'TANGELLA LAHESH', 2, 'STD0271', 6, 'SEM74', 2, '', '0000-00-00'),
(273, 'TEKI SURYA KRISHNA', 2, 'STD0272', 6, 'SEM75', 1, '', '0000-00-00'),
(274, 'THOTA KAVYA SRI SATYA', 2, 'STD0273', 9, 'SEM76', 2, '', '0000-00-00'),
(275, 'THRIBHUVAN TEJA MANELLA', 2, 'STD0274', 1, 'SEM77', 1, '', '0000-00-00'),
(276, 'TONANGI DEVAPRASAD', 2, 'STD0275', 3, 'SEM78', 2, '', '0000-00-00'),
(277, 'TYAGAMRAJU VENKATA INDU', 2, 'STD0276', 5, 'SEM79', 1, '', '0000-00-00'),
(278, 'UPPULURI SAHITHI CHANDRIKA', 2, 'STD0277', 2, 'SEM80', 2, '', '0000-00-00'),
(279, 'VADLAMURU NANDINI', 2, 'STD0278', 3, 'SEM81', 1, '', '0000-00-00'),
(280, 'VANGALAPUDI SWARUPA', 2, 'STD0279', 5, 'SEM82', 2, '', '0000-00-00'),
(281, 'VARRE SIRI CHANDANA', 2, 'STD0280', 6, 'SEM83', 1, '', '0000-00-00'),
(282, 'VEDURUVADA PHANI VEERA BRAHMA ', 2, 'STD0281', 4, 'SEM84', 2, '', '0000-00-00'),
(283, 'VEGESNA HASINI', 2, 'STD0282', 7, 'SEM85', 1, '', '0000-00-00'),
(284, 'VELPURI USHA KRUPA SRI', 2, 'STD0283', 8, 'SEM86', 2, '', '0000-00-00'),
(285, 'VENKATA NAGA ANKITHA PULA', 2, 'STD0284', 9, 'SEM87', 1, '', '0000-00-00'),
(286, 'VISSAKODETI YASWANTH KUMAR', 2, 'STD0285', 10, 'SEM88', 2, '', '0000-00-00'),
(287, 'YALAKALA YASWANTH KUMAR', 2, 'STD0286', 3, 'SEM89', 1, '', '0000-00-00'),
(288, 'YARRAGANTI SATYA BHASKAR', 2, 'STD0287', 4, 'SEM90', 2, '', '0000-00-00'),
(289, 'YEKULA SATHWIKA', 2, 'STD0288', 4, 'SEM91', 1, '', '0000-00-00'),
(290, 'PUDI CHAITANYA SRUJANA', 2, 'STD0289', 3, 'SEM92', 2, '', '0000-00-00'),
(291, 'PYDI KIRAN MAHESH', 2, 'STD0290', 6, 'SEM93', 1, '', '0000-00-00'),
(292, 'RAMAYANAM SAI VENKATA KRISHNA', 2, 'STD0291', 9, 'SEM94', 2, '', '0000-00-00'),
(293, 'RAVURI HARITHA JYOTHI', 2, 'STD0292', 6, 'SEM95', 1, '', '0000-00-00'),
(294, 'REDDI SAHITHI PALLAVI', 2, 'STD0293', 6, 'SEM96', 2, '', '0000-00-00'),
(295, 'ROBERT BHANU PRASAD', 2, 'STD0294', 9, 'SEM97', 1, '', '0000-00-00'),
(296, 'RUPINENI BHAVISHYA', 2, 'STD0295', 1, 'SEM98', 2, '', '0000-00-00'),
(297, 'SAGI VENKATA NAGA SRIPUJITHA', 2, 'STD0296', 3, 'SEM99', 1, '', '0000-00-00'),
(298, 'SAMSANI VIJAY KUMAR RAJU', 2, 'STD0297', 5, 'SEM1', 2, '', '0000-00-00'),
(299, 'SARABU ANIL BABU', 2, 'STD0298', 2, 'SEM2', 1, '', '0000-00-00'),
(300, 'SAVARAM POKHRAN ROYAL', 2, 'STD0299', 3, 'SEM3', 2, '', '0000-00-00'),
(301, 'SHAIK ABDUL LATHIF', 2, 'STD0300', 5, 'SEM4', 1, '', '0000-00-00'),
(302, 'SHAIK KHWAJA MOINUDDIN CHISHTY', 2, 'STD0301', 6, 'SEM5', 2, '', '0000-00-00'),
(303, 'SHAIK RAMEEZ', 2, 'STD0302', 4, 'SEM6', 1, '', '0000-00-00'),
(304, 'SHAIK ZAFREEN', 2, 'STD0303', 7, 'SEM7', 2, '', '0000-00-00'),
(305, 'SIRIGINEEDI LOHITH HANUMA MANI', 2, 'STD0304', 8, 'SEM8', 1, '', '0000-00-00'),
(306, 'SOMIREDDY PAVAN PUNDAREEKAKSHA', 2, 'STD0305', 9, 'SEM9', 2, '', '0000-00-00'),
(307, 'SUJITH KUMAR BHEEMARASETTY', 2, 'STD0306', 10, 'SEM10', 1, '', '0000-00-00'),
(308, 'SURYA SUJITH INDRAKANTI', 2, 'STD0307', 3, 'SEM11', 2, '', '0000-00-00'),
(309, 'YEDLA SAI CHAND', 2, 'STD0308', 4, 'SEM12', 1, '', '0000-00-00'),
(310, 'YEZARLA BHAGYA JERUSALEN', 2, 'STD0309', 4, 'SEM13', 2, '', '0000-00-00'),
(311, 'YELUBANDI RENUKA VIDYADHARI', 2, 'STD0310', 3, 'SEM14', 1, '', '0000-00-00'),
(312, 'TALABATTULA HARSHA KUMARI', 2, 'STD0311', 6, 'SEM15', 2, '', '0000-00-00'),
(313, 'TAMMINAINA JAYANTH', 2, 'STD0312', 9, 'SEM16', 1, '', '0000-00-00'),
(314, 'TAVVA TEJA VENKATA SAI', 2, 'STD0313', 6, 'SEM17', 2, '', '0000-00-00'),
(315, 'THELLAKULA GANGA RAJU', 2, 'STD0314', 6, 'SEM18', 1, '', '0000-00-00'),
(316, 'THOTA SRI VENKATA SATYA SAI', 2, 'STD0315', 9, 'SEM19', 2, '', '0000-00-00'),
(317, 'TIRUMANI RAMA NARASIMHA PRASAD', 2, 'STD0316', 1, 'SEM20', 1, '', '0000-00-00'),
(318, 'TUPATI MAHESWAR', 2, 'STD0317', 3, 'SEM21', 2, '', '0000-00-00'),
(319, 'UNNAMATLA NANI', 2, 'STD0318', 5, 'SEM22', 1, '', '0000-00-00'),
(320, 'VADLAMANNATI KUSUMA RENUKA', 2, 'STD0319', 2, 'SEM23', 2, '', '0000-00-00'),
(321, 'VANA VENKATA VIGNESH NAIDU', 2, 'STD0320', 3, 'SEM24', 1, '', '0000-00-00'),
(322, 'VARDHANAPU SAHEEL KUMAR', 2, 'STD0321', 5, 'SEM25', 2, '', '0000-00-00'),
(323, 'VATRAPU SRIKANTH REDDY', 2, 'STD0322', 6, 'SEM26', 1, '', '0000-00-00'),
(324, 'VEERAVALLI SURYA NAVEEN', 2, 'STD0323', 4, 'SEM27', 2, '', '0000-00-00'),
(325, 'VELIGATLA VENKATA SUNIL', 2, 'STD0324', 7, 'SEM28', 1, '', '0000-00-00'),
(326, 'VENDRA BHANU SAI', 2, 'STD0325', 8, 'SEM29', 2, '', '0000-00-00'),
(327, 'VINUKONDA JAHNAVI SRI MANI DEE', 2, 'STD0326', 9, 'SEM30', 1, '', '0000-00-00'),
(328, 'YADLA SANJAY', 2, 'STD0327', 10, 'SEM31', 2, '', '0000-00-00'),
(329, 'YARAKARAJU SURYA PRAKASH VARMA', 2, 'STD0328', 3, 'SEM32', 1, '', '0000-00-00'),
(330, 'YATHAM HARI MANIKANTA', 2, 'STD0329', 4, 'SEM33', 2, '', '0000-00-00'),
(331, 'YERUBANDI AKHIL DURGA RAO', 2, 'STD0330', 4, 'SEM34', 1, '', '0000-00-00'),
(332, 'ADABALA SHIVARAM', 2, 'STD0331', 3, 'SEM35', 2, '', '0000-00-00'),
(333, 'ADDEPALLI HARSHA VARDHAN', 2, 'STD0332', 6, 'SEM36', 1, '', '0000-00-00'),
(334, 'AKKISETTY GEESHMA NAVISA', 2, 'STD0333', 9, 'SEM37', 2, '', '0000-00-00'),
(335, 'VAKA CHARAN PREM', 2, 'STD0334', 6, 'SEM38', 1, '', '0000-00-00'),
(336, 'VANGAPANDU ROHITH', 2, 'STD0335', 6, 'SEM39', 2, '', '0000-00-00'),
(337, 'VARSHITA NAYAK', 2, 'STD0336', 9, 'SEM40', 1, '', '0000-00-00'),
(338, 'VEENALA ADARSH', 2, 'STD0337', 1, 'SEM41', 2, '', '0000-00-00'),
(339, 'VEGESNA POOJITHA', 2, 'STD0338', 3, 'SEM42', 1, '', '0000-00-00'),
(340, 'VEMANA AJAY BABU', 2, 'STD0339', 5, 'SEM43', 2, '', '0000-00-00'),
(341, 'VESANGI KALYAN REDDY', 3, 'STD0340', 2, 'SEM44', 1, '', '0000-00-00'),
(342, 'VISWANADHAM SRAVANI KOTESWARI', 3, 'STD0341', 3, 'SEM45', 2, '', '0000-00-00'),
(343, 'YALAMARTHI MADHAVI RATNA ANNAP', 3, 'STD0342', 5, 'SEM46', 1, '', '0000-00-00'),
(344, 'YARRAKULA HARI KRISHNA RAJU', 3, 'STD0343', 6, 'SEM47', 2, '', '0000-00-00'),
(345, 'YELETI NODYA', 3, 'STD0344', 4, 'SEM48', 1, '', '0000-00-00'),
(346, 'CHANDAKA BALAJI', 3, 'STD0345', 7, 'SEM49', 2, '', '0000-00-00'),
(347, 'CHEEMALADINNE SUDHARSHAN', 3, 'STD0346', 8, 'SEM50', 1, '', '0000-00-00'),
(348, 'CHENNU PUSHNA DEVI SRI', 3, 'STD0347', 9, 'SEM51', 2, '', '0000-00-00'),
(349, 'CHINTA PREM SAI SRI DURGA MANI', 3, 'STD0348', 10, 'SEM52', 1, '', '0000-00-00'),
(350, 'CHIRAKALA VENKATA SAI', 3, 'STD0349', 3, 'SEM53', 2, '', '0000-00-00'),
(351, 'CHITTURI KARTHIK', 3, 'STD0350', 4, 'SEM54', 1, '', '0000-00-00'),
(352, 'CHUNDURI ANUSHA', 3, 'STD0351', 4, 'SEM55', 2, '', '0000-00-00'),
(353, 'DANDU RAMA SIVA NAGA RAJU', 3, 'STD0352', 3, 'SEM56', 1, '', '0000-00-00'),
(354, 'DASARI CHANDRA SEKHAR', 3, 'STD0353', 6, 'SEM57', 2, '', '0000-00-00'),
(355, 'DAYAM HASINI', 3, 'STD0354', 9, 'SEM58', 1, '', '0000-00-00'),
(356, 'DHANIMISETTY PAVAN', 3, 'STD0355', 6, 'SEM59', 2, '', '0000-00-00'),
(357, 'DODDIGARLA SALMON RAJU', 3, 'STD0356', 6, 'SEM60', 1, '', '0000-00-00'),
(358, 'DONTHAMSETTI MAHA TEJASWI', 3, 'STD0357', 9, 'SEM61', 2, '', '0000-00-00'),
(359, 'DUGGIRALA VARSHA SRI', 3, 'STD0358', 1, 'SEM62', 1, '', '0000-00-00'),
(360, 'ELIKA LAVANYA', 3, 'STD0359', 3, 'SEM63', 2, '', '0000-00-00'),
(361, 'KAMMILA GOWTHAM VENKATA DURGA ', 3, 'STD0360', 5, 'SEM64', 1, '', '0000-00-00'),
(362, 'KANDE TULASI KUMAR', 3, 'STD0361', 2, 'SEM65', 2, '', '0000-00-00'),
(363, 'KANISIRIPI PRASANNA KUMAR', 3, 'STD0362', 3, 'SEM66', 1, '', '0000-00-00'),
(364, 'KANURI VARUN SAI', 3, 'STD0363', 5, 'SEM67', 2, '', '0000-00-00'),
(365, 'KARRI JYOTHSNA CHANDANA', 3, 'STD0364', 6, 'SEM68', 1, '', '0000-00-00'),
(366, 'KASANI POORNIMA', 3, 'STD0365', 4, 'SEM69', 2, '', '0000-00-00'),
(367, 'KATHULA DURGA RATNAM', 3, 'STD0366', 7, 'SEM70', 1, '', '0000-00-00'),
(368, 'KAVALI RAMA GOPIKA', 3, 'STD0367', 8, 'SEM71', 2, '', '0000-00-00'),
(369, 'KETHINEDI LEELA SAI PAVAN', 3, 'STD0368', 9, 'SEM72', 1, '', '0000-00-00'),
(370, 'KODI LAKSHMI NARAYANA', 3, 'STD0369', 10, 'SEM73', 2, '', '0000-00-00'),
(371, 'KOLLATI NARASIMHA VARMA', 3, 'STD0370', 3, 'SEM74', 1, '', '0000-00-00'),
(372, 'KOMMALAPATI TARAKA SHIVA RAMA ', 3, 'STD0371', 4, 'SEM75', 2, '', '0000-00-00'),
(373, 'KONALA DHARMA TEJA', 3, 'STD0372', 4, 'SEM76', 1, '', '0000-00-00'),
(374, 'KOPANATHI LAKSHMAN KUMAR', 3, 'STD0373', 3, 'SEM77', 2, '', '0000-00-00'),
(375, 'KOPPURAVURI NAGA VENKATA MANOH', 3, 'STD0374', 6, 'SEM78', 1, '', '0000-00-00'),
(376, 'KOTHALA LAKSHMI MANIDESH', 3, 'STD0375', 9, 'SEM79', 2, '', '0000-00-00'),
(377, 'KOTTIKALAPUDI BALA SAI RAM', 3, 'STD0376', 6, 'SEM80', 1, '', '0000-00-00'),
(378, 'KUDUPUDI CHARISHMA PHANI MADHU', 3, 'STD0377', 6, 'SEM81', 2, '', '0000-00-00'),
(379, 'KUPPILA GAYATRIDURGA', 3, 'STD0378', 9, 'SEM82', 1, '', '0000-00-00'),
(380, 'LAKKIMSETTI HIMA TEJA', 3, 'STD0379', 1, 'SEM83', 2, '', '0000-00-00'),
(381, 'LAVUDIYA SIVA RAM NAYAK', 3, 'STD0380', 3, 'SEM84', 1, '', '0000-00-00'),
(382, 'MADDALA SASI KIRAN', 3, 'STD0381', 5, 'SEM85', 2, '', '0000-00-00'),
(383, 'MAGULURI SRI SRAVAN KUMAR', 3, 'STD0382', 2, 'SEM86', 1, '', '0000-00-00'),
(384, 'MALLADI DHANUSH', 3, 'STD0383', 3, 'SEM87', 2, '', '0000-00-00'),
(385, 'MANDA BHARADWAJ', 3, 'STD0384', 5, 'SEM88', 1, '', '0000-00-00'),
(386, 'MANEVARAPU SAI KUMAR', 3, 'STD0385', 6, 'SEM89', 2, '', '0000-00-00'),
(387, 'MANTHENA KANISHQ VARMA', 3, 'STD0386', 4, 'SEM90', 1, '', '0000-00-00'),
(388, 'MARLAPUDI ALEKHYA', 3, 'STD0387', 7, 'SEM91', 2, '', '0000-00-00'),
(389, 'MATTAPARTHI VIMALA VARDHAN', 3, 'STD0388', 8, 'SEM92', 1, '', '0000-00-00'),
(390, 'MEESALA PAVAN DURGA KUMAR', 3, 'STD0389', 9, 'SEM93', 2, '', '0000-00-00'),
(391, 'MERUGU DHARANI', 3, 'STD0390', 10, 'SEM94', 1, '', '0000-00-00'),
(392, 'MOHAMMAD KHAIRUNNISA', 3, 'STD0391', 3, 'SEM95', 2, '', '0000-00-00'),
(393, 'MOKA HARIKA', 3, 'STD0392', 4, 'SEM96', 1, '', '0000-00-00'),
(394, 'MUDADLA SAI DEEPAK', 3, 'STD0393', 4, 'SEM97', 2, '', '0000-00-00'),
(395, 'MUDUNURI PRUDHVI SAI RAVIVARMA', 3, 'STD0394', 3, 'SEM98', 1, '', '0000-00-00'),
(396, 'MUMMIDIVARAPU KOTESWARA RAO', 3, 'STD0395', 6, 'SEM99', 2, '', '0000-00-00'),
(397, 'MUPPARTHI SRI LIKITH RAHUL', 3, 'STD0396', 9, 'SEM1', 1, '', '0000-00-00'),
(398, 'NANDURI GAYATRI MEGHANA', 3, 'STD0397', 6, 'SEM2', 2, '', '0000-00-00'),
(399, 'NEDUNURI SATYA SAI PRABHAKARA ', 3, 'STD0398', 6, 'SEM3', 1, '', '0000-00-00'),
(400, 'NETHALA LAKSHMI LAVANYA AKSHIT', 3, 'STD0399', 9, 'SEM4', 2, '', '0000-00-00'),
(401, 'NIRJOGI MAHATHI', 3, 'STD0400', 1, 'SEM5', 1, '', '0000-00-00'),
(402, 'ODUGU PARIMALA JYOTHI', 3, 'STD0401', 3, 'SEM6', 2, '', '0000-00-00'),
(403, 'PAGOLLU GRACY', 3, 'STD0402', 5, 'SEM7', 1, '', '0000-00-00'),
(404, 'PALIKILA SHIVA', 3, 'STD0403', 2, 'SEM8', 2, '', '0000-00-00'),
(405, 'PAMBA SAMSON BABU', 3, 'STD0404', 3, 'SEM9', 1, '', '0000-00-00'),
(406, 'PAPOLU CHARISHMA SANDHYA', 3, 'STD0405', 5, 'SEM10', 2, '', '0000-00-00'),
(407, 'PATAN IMRANKHAN', 3, 'STD0406', 6, 'SEM11', 1, '', '0000-00-00'),
(408, 'PATTAPU AKSHITHA', 3, 'STD0407', 4, 'SEM12', 2, '', '0000-00-00'),
(409, 'PEDDIMENI TARUN KUMAR', 3, 'STD0408', 7, 'SEM13', 1, '', '0000-00-00'),
(410, 'PENMETSA JAHNAVI LAKSHMI', 1, 'STD0409', 8, 'SEM14', 2, '', '0000-00-00'),
(411, 'PENUMARTI KOMAL KOUTILYA', 2, 'STD0410', 9, 'SEM15', 1, '', '0000-00-00'),
(412, 'PERURI VINAY SAMPATH', 3, 'STD0411', 10, 'SEM16', 2, '', '0000-00-00'),
(413, 'PINNAMREDDY SATYA HARSHITHA', 1, 'STD0412', 3, 'SEM17', 1, '', '0000-00-00'),
(414, 'PODILAPU DURGA PRASAD', 2, 'STD0413', 4, 'SEM18', 2, '', '0000-00-00');

-- --------------------------------------------------------

--
-- Table structure for table `subscriptions`
--

CREATE TABLE `subscriptions` (
  `pid` varchar(15) NOT NULL,
  `stdid` varchar(5) NOT NULL,
  `delivery_partner` int(4) NOT NULL
) ENGINE=InnoDB DEFAULT CHARSET=latin1 COLLATE=latin1_swedish_ci;

--
-- Dumping data for table `subscriptions`
--

INSERT INTO `subscriptions` (`pid`, `stdid`, `delivery_partner`) VALUES
('7075379506', '3', 1),
('7093525985', '4', 1),
('7777777777', '5', 1),
('7989264811', '6', 1),
('8008833997', '7', 1),
('8096402224', '8', 1),
('8297999699', '9', 1),
('8328621506', '10', 1),
('8374665666', '11', 1),
('8754448634', '12', 1),
('8886088449', '13', 1),
('8886222232', '14', 1),
('8888888888', '15', 1),
('8978411400', '16', 1),
('8985321414', '17', 1),
('9000188551', '18', 1),
('9052727402', '2', 1),
('9059114499', '19', 1),
('9100634444', '20', 1),
('9177155456', '21', 1),
('9177534111', '22', 1),
('9391887888', '23', 1),
('9393234119', '24', 1),
('9394499989', '25', 1),
('9397676677', '26', 1),
('9440622003', '27', 1),
('9441116444', '28', 1),
('9441235555', '29', 1),
('9493475111', '30', 1),
('9493855599', '31', 1),
('9494266789', '32', 1),
('9494435744', '33', 1),
('9494492599', '34', 1),
('9494923625', '35', 1),
('9505022222', '36', 1),
('9505421188', '37', 1),
('9515851883', '38', 1),
('9542672234', '39', 1),
('9553444457', '40', 1),
('9553444457', '410', 1),
('9554522222', '41', 1),
('9573407666', '42', 1),
('9577595776', '43', 1),
('1234567890', '76', 2),
('7075379506', '77', 2),
('7093525985', '78', 2),
('7777777777', '79', 2),
('7989264811', '80', 2),
('8008833997', '81', 2),
('8096402224', '82', 2),
('8297999699', '83', 2),
('8328621506', '84', 2),
('8374665666', '85', 2),
('8754448634', '86', 2),
('8886088449', '87', 2),
('8886222232', '88', 2),
('8888888888', '89', 2),
('8978411400', '90', 2),
('8985321414', '91', 2),
('9000188551', '92', 2),
('9059114499', '93', 2),
('9100634444', '94', 2),
('9177155456', '95', 2),
('9177534111', '96', 2),
('9391887888', '97', 2),
('9393234119', '98', 2),
('9394499989', '99', 2),
('9397676677', '100', 2),
('9440622003', '101', 2),
('9441116444', '102', 2),
('9441235555', '103', 2),
('9493475111', '104', 2),
('9493855599', '105', 2),
('9603933338', '414', 2),
('9603933338', '44', 2),
('9618110459', '45', 2),
('9642803277', '46', 2),
('9652753739', '47', 2),
('9652822235', '48', 2),
('9701314877', '49', 2),
('9704186789', '50', 2),
('9704534455', '51', 2),
('9739476669', '52', 2),
('9849944199', '53', 2),
('9866136008', '54', 2),
('9866412348', '55', 2),
('9885394144', '56', 2),
('9885670571', '57', 2),
('9908034500', '58', 2),
('9908144655', '59', 2),
('9908954783', '60', 2),
('9948522226', '61', 2),
('9948817092', '62', 2),
('9949414757', '63', 2),
('9949432244', '64', 2),
('9949700007', '65', 2),
('9949834977', '66', 2),
('9949899498', '67', 2),
('9949941133', '68', 2),
('9959611117', '69', 2),
('9963609788', '70', 2),
('9966028333', '71', 2),
('9966066668', '72', 2),
('9985921927', '73', 2),
('9989804141', '74', 2),
('9989994199', '75', 2),
('9052727402', '1', 3),
('9493855599', '327', 3),
('9494266789', '106', 3),
('9494435744', '107', 3),
('9494492599', '108', 3),
('9494923625', '109', 3),
('9505022222', '110', 3),
('9505421188', '111', 3),
('9515851883', '112', 3),
('9542672234', '113', 3),
('9553444457', '114', 3),
('9554522222', '115', 3),
('9573407666', '116', 3),
('9577595776', '117', 3),
('9577595776', '413', 3),
('9603933338', '118', 3),
('9618110459', '119', 3),
('9642803277', '120', 3),
('9652753739', '121', 3),
('9652822235', '122', 3),
('9701314877', '123', 3),
('9704186789', '124', 3),
('9704534455', '125', 3),
('9739476669', '126', 3),
('9849944199', '127', 3),
('9866136008', '128', 3),
('9866412348', '129', 3),
('9885394144', '130', 3),
('9885670571', '131', 3),
('9908034500', '132', 3),
('9908144655', '133', 3),
('9908954783', '134', 3),
('9948522226', '135', 3),
('9948817092', '136', 3),
('9949414757', '137', 3),
('9949432244', '138', 3),
('9949700007', '139', 3),
('9949834977', '140', 3),
('1234567890', '150', 4),
('7075379506', '151', 4),
('7093525985', '152', 4),
('7777777777', '153', 4),
('7989264811', '154', 4),
('8008833997', '155', 4),
('8096402224', '156', 4),
('8297999699', '157', 4),
('8328621506', '158', 4),
('8374665666', '159', 4),
('8754448634', '160', 4),
('8886088449', '161', 4),
('8886222232', '162', 4),
('8888888888', '163', 4),
('8978411400', '164', 4),
('8985321414', '165', 4),
('9000188551', '166', 4),
('9059114499', '167', 4),
('9100634444', '168', 4),
('9177155456', '169', 4),
('9177534111', '170', 4),
('9391887888', '171', 4),
('9393234119', '172', 4),
('9394499989', '173', 4),
('9397676677', '174', 4),
('9440622003', '175', 4),
('9441116444', '176', 4),
('9441235555', '177', 4),
('9493475111', '178', 4),
('9493855599', '179', 4),
('9494266789', '180', 4),
('9494435744', '181', 4),
('9494492599', '182', 4),
('9494923625', '183', 4),
('9505022222', '184', 4),
('9505421188', '185', 4),
('9515851883', '186', 4),
('9542672234', '187', 4),
('9553444457', '188', 4),
('9554522222', '189', 4),
('9573407666', '190', 4),
('9573407666', '412', 4),
('9577595776', '191', 4),
('9603933338', '192', 4),
('9618110459', '193', 4),
('9642803277', '194', 4),
('9652753739', '195', 4),
('9949899498', '141', 4),
('9949941133', '142', 4),
('9959611117', '143', 4),
('9963609788', '144', 4),
('9966028333', '145', 4),
('9966066668', '146', 4),
('9985921927', '147', 4),
('9989804141', '148', 4),
('9989994199', '149', 4),
('1234567890', '224', 5),
('1234567890', '298', 5),
('7075379506', '225', 5),
('7075379506', '299', 5),
('7093525985', '226', 5),
('7093525985', '300', 5),
('7777777777', '227', 5),
('7777777777', '301', 5),
('7989264811', '228', 5),
('7989264811', '302', 5),
('8008833997', '229', 5),
('8008833997', '303', 5),
('8096402224', '230', 5),
('8096402224', '304', 5),
('8297999699', '231', 5),
('8297999699', '305', 5),
('8328621506', '232', 5),
('8328621506', '306', 5),
('8374665666', '233', 5),
('8754448634', '234', 5),
('8886088449', '235', 5),
('8886222232', '236', 5),
('8888888888', '237', 5),
('8978411400', '238', 5),
('8985321414', '239', 5),
('9000188551', '240', 5),
('9059114499', '241', 5),
('9100634444', '242', 5),
('9177155456', '243', 5),
('9177534111', '244', 5),
('9391887888', '245', 5),
('9393234119', '246', 5),
('9394499989', '247', 5),
('9397676677', '248', 5),
('9440622003', '249', 5),
('9441116444', '250', 5),
('9441235555', '251', 5),
('9493475111', '252', 5),
('9493855599', '253', 5),
('9494266789', '254', 5),
('9494435744', '255', 5),
('9494492599', '256', 5),
('9494923625', '257', 5),
('9505022222', '258', 5),
('9505421188', '259', 5),
('9515851883', '260', 5),
('9542672234', '261', 5),
('9553444457', '262', 5),
('9554522222', '263', 5),
('9554522222', '411', 5),
('9573407666', '264', 5),
('9577595776', '265', 5),
('9603933338', '266', 5),
('9618110459', '267', 5),
('9642803277', '268', 5),
('9652753739', '269', 5),
('9652822235', '196', 5),
('9652822235', '270', 5),
('9701314877', '197', 5),
('9701314877', '271', 5),
('9704186789', '198', 5),
('9704186789', '272', 5),
('9704534455', '199', 5),
('9704534455', '273', 5),
('9739476669', '200', 5),
('9739476669', '274', 5),
('9849944199', '201', 5),
('9849944199', '275', 5),
('9866136008', '202', 5),
('9866136008', '276', 5),
('9866412348', '203', 5),
('9866412348', '277', 5),
('9885394144', '204', 5),
('9885394144', '278', 5),
('9885670571', '205', 5),
('9885670571', '279', 5),
('9908034500', '206', 5),
('9908034500', '280', 5),
('9908144655', '207', 5),
('9908144655', '281', 5),
('9908954783', '208', 5),
('9908954783', '282', 5),
('9948522226', '209', 5),
('9948522226', '283', 5),
('9948817092', '210', 5),
('9948817092', '284', 5),
('9949414757', '211', 5),
('9949414757', '285', 5),
('9949432244', '212', 5),
('9949432244', '286', 5),
('9949700007', '213', 5),
('9949700007', '287', 5),
('9949834977', '214', 5),
('9949834977', '288', 5),
('9949899498', '215', 5),
('9949899498', '289', 5),
('9949941133', '216', 5),
('9949941133', '290', 5),
('9959611117', '217', 5),
('9959611117', '291', 5),
('9963609788', '218', 5),
('9963609788', '292', 5),
('9966028333', '219', 5),
('9966028333', '293', 5),
('9966066668', '220', 5),
('9966066668', '294', 5),
('9985921927', '221', 5),
('9985921927', '295', 5),
('9989804141', '222', 5),
('9989804141', '296', 5),
('9989994199', '223', 5),
('9989994199', '297', 5),
('1234567890', '372', 6),
('7075379506', '373', 6),
('7093525985', '374', 6),
('7777777777', '375', 6),
('7989264811', '376', 6),
('8008833997', '377', 6),
('8096402224', '378', 6),
('8297999699', '379', 6),
('8328621506', '380', 6),
('8374665666', '307', 6),
('8374665666', '381', 6),
('8754448634', '308', 6),
('8754448634', '382', 6),
('8886088449', '309', 6),
('8886088449', '383', 6),
('8886222232', '310', 6),
('8886222232', '384', 6),
('8888888888', '311', 6),
('8888888888', '385', 6),
('8978411400', '312', 6),
('8978411400', '386', 6),
('8985321414', '313', 6),
('8985321414', '387', 6),
('9000188551', '314', 6),
('9000188551', '388', 6),
('9052727402', '3', 6),
('9059114499', '315', 6),
('9059114499', '389', 6),
('9100634444', '316', 6),
('9100634444', '390', 6),
('9177155456', '317', 6),
('9177155456', '391', 6),
('9177534111', '318', 6),
('9177534111', '392', 6),
('9391887888', '319', 6),
('9391887888', '393', 6),
('9393234119', '320', 6),
('9393234119', '394', 6),
('9394499989', '321', 6),
('9394499989', '395', 6),
('9397676677', '322', 6),
('9397676677', '396', 6),
('9440622003', '323', 6),
('9440622003', '397', 6),
('9441116444', '324', 6),
('9441116444', '398', 6),
('9441235555', '325', 6),
('9441235555', '399', 6),
('9493475111', '326', 6),
('9493475111', '400', 6),
('9493855599', '401', 6),
('9494266789', '328', 6),
('9494266789', '402', 6),
('9494435744', '329', 6),
('9494435744', '403', 6),
('9494492599', '330', 6),
('9494492599', '404', 6),
('9494923625', '331', 6),
('9494923625', '405', 6),
('9505022222', '332', 6),
('9505022222', '406', 6),
('9505421188', '333', 6),
('9505421188', '407', 6),
('9515851883', '334', 6),
('9515851883', '408', 6),
('9542672234', '335', 6),
('9542672234', '409', 6),
('9553444457', '336', 6),
('9554522222', '337', 6),
('9573407666', '338', 6),
('9577595776', '339', 6),
('9603933338', '340', 6),
('9618110459', '341', 6),
('9642803277', '342', 6),
('9652753739', '343', 6),
('9652822235', '344', 6),
('9701314877', '345', 6),
('9704186789', '346', 6),
('9704534455', '347', 6),
('9739476669', '348', 6),
('9849944199', '349', 6),
('9866136008', '350', 6),
('9866412348', '351', 6),
('9885394144', '352', 6),
('9885670571', '353', 6),
('9908034500', '354', 6),
('9908144655', '355', 6),
('9908954783', '356', 6),
('9948522226', '357', 6),
('9948817092', '358', 6),
('9949414757', '359', 6),
('9949432244', '360', 6),
('9949700007', '361', 6),
('9949834977', '362', 6),
('9949899498', '363', 6),
('9949941133', '364', 6),
('9959611117', '365', 6),
('9963609788', '366', 6),
('9966028333', '367', 6),
('9966066668', '368', 6),
('9985921927', '369', 6),
('9989804141', '370', 6),
('9989994199', '371', 6);

-- --------------------------------------------------------

--
-- Table structure for table `team`
--

CREATE TABLE `team` (
  `eid` int(11) NOT NULL,
  `name` varchar(200) NOT NULL,
  `mobile` varchar(15) NOT NULL,
  `pass` varchar(15) NOT NULL,
  `type` varchar(15) NOT NULL,
  `address` varchar(150) DEFAULT NULL,
  `photo` varchar(150) DEFAULT NULL
) ENGINE=InnoDB DEFAULT CHARSET=latin1 COLLATE=latin1_swedish_ci;

--
-- Dumping data for table `team`
--

INSERT INTO `team` (`eid`, `name`, `mobile`, `pass`, `type`, `address`, `photo`) VALUES
(1, 'Jagadeesh', '9581981888', '9581981888', 'F', NULL, NULL),
(2, 'sanjay', '6304679588', '6304679588', 'P', NULL, NULL),
(3, 'siva', '8466075576', '8466075576', 'F', NULL, NULL),
(4, 'ganesh', '8143234177', '8143234177', 'P', NULL, NULL),
(5, 'dada', '9182555783', '9182555783', 'P', NULL, NULL),
(6, 'Sai Praveen', '9866892957', '123', 'F', 'https://goo.gl/maps/Wf2oh5DUymrwqNs34', NULL);

-- --------------------------------------------------------

--
-- Table structure for table `trips`
--

CREATE TABLE `trips` (
  `tripid` int(11) NOT NULL,
  `stdid` int(5) DEFAULT NULL,
  `date` date NOT NULL,
  `pickup_time` time DEFAULT NULL,
  `drop_time` time DEFAULT NULL,
  `delivery_by` varchar(15) DEFAULT NULL
) ENGINE=InnoDB DEFAULT CHARSET=latin1 COLLATE=latin1_swedish_ci;

--
-- Dumping data for table `trips`
--

INSERT INTO `trips` (`tripid`, `stdid`, `date`, `pickup_time`, `drop_time`, `delivery_by`) VALUES
(1, 1, '2023-07-10', '08:42:41', '08:47:18', '1'),
(2, 3, '2023-07-11', '04:18:52', NULL, '6');

--
-- Indexes for dumped tables
--

--
-- Indexes for table `address`
--
ALTER TABLE `address`
  ADD PRIMARY KEY (`pid`);

--
-- Indexes for table `delivary`
--
ALTER TABLE `delivary`
  ADD PRIMARY KEY (`date`,`stdid`),
  ADD KEY `tripid_delivary_trips` (`tripid`);

--
-- Indexes for table `parent`
--
ALTER TABLE `parent`
  ADD PRIMARY KEY (`pid`);

--
-- Indexes for table `schools`
--
ALTER TABLE `schools`
  ADD PRIMARY KEY (`sid`);

--
-- Indexes for table `student`
--
ALTER TABLE `student`
  ADD PRIMARY KEY (`stdid`),
  ADD KEY `stdid_schools_students` (`school`);

--
-- Indexes for table `subscriptions`
--
ALTER TABLE `subscriptions`
  ADD PRIMARY KEY (`pid`,`stdid`),
  ADD KEY `sid_school_susb` (`delivery_partner`);

--
-- Indexes for table `team`
--
ALTER TABLE `team`
  ADD PRIMARY KEY (`eid`);

--
-- Indexes for table `trips`
--
ALTER TABLE `trips`
  ADD PRIMARY KEY (`tripid`);

--
-- AUTO_INCREMENT for dumped tables
--

--
-- AUTO_INCREMENT for table `schools`
--
ALTER TABLE `schools`
  MODIFY `sid` int(11) NOT NULL AUTO_INCREMENT, AUTO_INCREMENT=5;

--
-- AUTO_INCREMENT for table `student`
--
ALTER TABLE `student`
  MODIFY `stdid` int(5) NOT NULL AUTO_INCREMENT, AUTO_INCREMENT=415;

--
-- AUTO_INCREMENT for table `team`
--
ALTER TABLE `team`
  MODIFY `eid` int(11) NOT NULL AUTO_INCREMENT, AUTO_INCREMENT=7;

--
-- AUTO_INCREMENT for table `trips`
--
ALTER TABLE `trips`
  MODIFY `tripid` int(11) NOT NULL AUTO_INCREMENT, AUTO_INCREMENT=3;
COMMIT;

/*!40101 SET CHARACTER_SET_CLIENT=@OLD_CHARACTER_SET_CLIENT */;
/*!40101 SET CHARACTER_SET_RESULTS=@OLD_CHARACTER_SET_RESULTS */;
/*!40101 SET COLLATION_CONNECTION=@OLD_COLLATION_CONNECTION */;
